Unnamed: 0,Player Name,Position,Team,GP,GS,MP,FG,FGA,FG%,3P,3PA,3P%,2P,2PA,2P%,eFG%,FT,FTA,FT%,ORB,DRB,TRB,AST,STL,BLK,TOV,PF,PTS,Total Minutes,PER,TS%,3PAr,FTr,ORB%,DRB%,TRB%,AST%,STL%,BLK%,TOV%,USG%,OWS,DWS,WS,WS/48,OBPM,DBPM,BPM,VORP
0,Stephen Curry,PG,GSW,56,56,34.7,10.0,20.2,0.493,4.9,11.4,0.427,5.1,8.8,0.579,0.614,4.6,5.0,0.915,0.7,5.4,6.1,6.3,0.9,0.4,3.2,2.1,29.4,1941,24.1,0.656,0.564,0.248,2.3,16.8,9.7,30.0,1.3,0.9,12.5,31.0,5.8,2.0,7.8,0.192,7.5,0.1,7.5,4.7
1,John Wall,PG,LAC,34,3,22.2,4.1,9.9,0.408,1.0,3.2,0.303,3.1,6.7,0.459,0.457,2.3,3.3,0.681,0.4,2.3,2.7,5.2,0.8,0.4,2.4,1.7,11.4,755,13.6,0.498,0.322,0.334,2.1,11.4,6.8,35.3,1.8,1.4,17.1,27.0,-0.4,0.7,0.3,0.02,-0.8,-0.4,-1.2,0.1
2,Russell Westbrook,PG,LAL/LAC,73,24,29.1,5.9,13.6,0.436,1.2,3.9,0.311,4.7,9.7,0.487,0.481,2.8,4.3,0.656,1.2,4.6,5.8,7.5,1.0,0.5,3.5,2.2,15.9,2126,16.1,0.513,0.289,0.317,4.7,16.5,10.8,38.6,1.7,1.3,18.4,27.7,-0.6,2.6,1.9,0.044,0.3,-0.1,0.2,1.2
3,LeBron James,PF,LAL,55,54,35.5,11.1,22.2,0.5,2.2,6.9,0.321,8.9,15.3,0.58,0.549,4.6,5.9,0.768,1.2,7.1,8.3,6.8,0.9,0.6,3.2,1.6,28.9,1954,23.9,0.583,0.309,0.268,3.7,20.8,12.5,33.5,1.2,1.4,11.6,33.3,3.2,2.4,5.6,0.138,5.5,0.6,6.1,4.0
4,Kevin Durant,PF,BRK/PHO,47,47,35.6,10.3,18.3,0.56,2.0,4.9,0.404,8.3,13.4,0.617,0.614,6.5,7.1,0.919,0.4,6.3,6.7,5.0,0.7,1.4,3.3,2.1,29.1,1672,25.9,0.677,0.267,0.387,1.2,19.5,10.5,24.5,1.0,3.4,13.4,30.7,4.7,2.1,6.8,0.194,6.0,1.2,7.1,3.9
5,Bradley Beal,SG,WAS,50,50,33.5,8.9,17.6,0.506,1.6,4.4,0.365,7.3,13.2,0.552,0.551,3.8,4.6,0.842,0.8,3.1,3.9,5.4,0.9,0.7,2.9,2.1,23.2,1673,19.7,0.593,0.249,0.26,2.8,9.9,6.5,26.6,1.3,1.7,12.9,29.2,2.2,1.2,3.4,0.099,2.9,-1.2,1.8,1.6
6,Kawhi Leonard,SF,LAC,52,50,33.6,8.6,16.8,0.512,2.0,4.8,0.416,6.6,11.9,0.551,0.572,4.7,5.4,0.871,1.1,5.4,6.5,3.9,1.4,0.5,1.7,1.6,23.8,1748,23.9,0.623,0.287,0.32,3.7,17.8,10.8,19.6,2.0,1.4,8.1,27.0,4.9,2.2,7.1,0.194,5.1,0.9,6.1,3.5
7,Paul George,SF,LAC,56,56,34.6,8.2,17.9,0.457,2.8,7.6,0.371,5.4,10.3,0.521,0.536,4.6,5.3,0.871,0.8,5.3,6.1,5.1,1.5,0.4,3.1,2.8,23.8,1939,19.6,0.588,0.424,0.293,2.6,17.0,9.9,24.2,2.1,0.9,13.4,29.5,2.3,2.3,4.6,0.114,2.4,0.3,2.8,2.3
8,Giannis Antetokounmpo,PF,MIL,63,63,32.1,11.2,20.3,0.553,0.7,2.7,0.275,10.5,17.6,0.596,0.572,7.9,12.3,0.645,2.2,9.6,11.8,5.7,0.8,0.8,3.9,3.1,31.1,2024,29.0,0.605,0.134,0.604,7.3,30.0,19.1,33.2,1.2,2.1,13.2,38.8,4.9,3.7,8.6,0.204,5.8,2.7,8.5,5.4
9,Damian Lillard,PG,POR,58,58,36.3,9.6,20.7,0.463,4.2,11.3,0.371,5.4,9.4,0.574,0.564,8.8,9.6,0.914,0.8,4.0,4.8,7.3,0.9,0.3,3.3,1.9,32.2,2107,26.7,0.645,0.547,0.464,2.4,12.8,7.6,35.0,1.2,0.8,11.7,33.8,8.2,0.8,9.0,0.205,8.3,-1.2,7.1,4.9
10,Klay Thompson,SF,GSW,69,69,33.0,7.9,18.1,0.436,4.4,10.6,0.412,3.6,7.6,0.47,0.556,1.7,1.9,0.879,0.6,3.6,4.1,2.4,0.7,0.4,1.8,1.9,21.9,2279,14.7,0.576,0.584,0.105,1.9,11.7,6.9,11.0,1.0,1.1,8.6,26.4,1.2,1.9,3.1,0.066,1.5,-1.7,-0.3,1.0
11,Kyrie Irving,PG-SG,BRK/DAL,60,60,37.4,9.9,20.1,0.494,3.1,8.3,0.379,6.8,11.8,0.574,0.572,4.1,4.6,0.905,1.0,4.1,5.1,5.5,1.1,0.8,2.1,2.8,27.1,2241,22.4,0.613,0.412,0.227,3.0,12.3,7.7,25.4,1.4,1.7,8.8,28.9,5.4,2.0,7.4,0.159,4.8,-0.7,4.1,3.5
12,Rudy Gobert,C,MIN,70,70,30.7,5.1,7.8,0.659,0.0,0.0,0.0,5.1,7.8,0.663,0.659,3.1,4.9,0.644,3.3,8.3,11.6,1.2,0.8,1.4,1.7,3.0,13.4,2148,18.9,0.675,0.005,0.623,12.2,29.8,21.2,5.6,1.2,3.9,14.9,16.3,4.3,3.5,7.8,0.174,0.0,0.7,0.7,1.4
13,Khris Middleton,SF,MIL,33,19,24.3,5.4,12.3,0.436,1.5,4.9,0.315,3.8,7.4,0.516,0.499,2.8,3.1,0.902,0.8,3.4,4.2,4.9,0.7,0.2,2.2,2.1,15.1,801,17.4,0.551,0.399,0.251,3.8,14.0,9.1,30.7,1.4,0.5,13.6,27.4,1.0,1.0,1.9,0.117,1.0,-0.3,0.8,0.6
14,Anthony Davis,C,LAL,56,54,34.0,9.7,17.2,0.563,0.3,1.3,0.257,9.3,15.9,0.589,0.573,6.2,7.9,0.784,3.5,9.1,12.5,2.6,1.1,2.0,2.2,2.6,25.9,1904,27.8,0.627,0.077,0.462,11.3,27.6,19.7,13.0,1.5,5.1,9.5,28.4,5.5,3.4,9.0,0.226,4.6,1.7,6.3,4.0
15,Jimmy Butler,PF,MIA,64,64,33.4,7.5,13.9,0.539,0.6,1.6,0.35,6.9,12.3,0.564,0.56,7.4,8.7,0.85,2.2,3.7,5.9,5.3,1.8,0.3,1.6,1.3,22.9,2138,27.6,0.647,0.116,0.625,7.5,13.3,10.3,27.1,2.7,1.0,8.2,25.6,9.4,2.9,12.3,0.277,6.7,2.0,8.7,5.8
16,Tobias Harris,SF,PHI,74,74,32.9,5.7,11.4,0.501,1.7,4.4,0.389,4.0,7.0,0.57,0.575,1.5,1.7,0.876,0.9,4.8,5.7,2.5,0.9,0.5,1.2,2.0,14.7,2436,14.8,0.602,0.383,0.153,3.3,17.0,10.3,11.4,1.4,1.5,9.0,18.2,3.1,2.8,5.9,0.116,0.6,0.1,0.7,1.7
18,Trae Young,PG,ATL,73,73,34.8,8.2,19.0,0.429,2.1,6.3,0.335,6.1,12.7,0.476,0.485,7.8,8.8,0.886,0.8,2.2,3.0,10.2,1.1,0.1,4.1,1.4,26.2,2541,22.0,0.573,0.331,0.46,2.4,7.0,4.7,42.5,1.5,0.3,15.2,32.6,5.3,1.4,6.7,0.126,5.3,-2.0,3.3,3.4
19,Zach LaVine,SG,CHI,77,77,35.9,8.7,18.0,0.485,2.6,7.1,0.375,6.1,11.0,0.556,0.558,4.7,5.6,0.848,0.5,3.9,4.5,4.2,0.9,0.2,2.5,2.1,24.8,2768,19.0,0.607,0.392,0.308,1.7,12.2,7.1,18.7,1.2,0.6,11.0,28.3,4.2,2.9,7.1,0.123,2.7,-0.7,1.9,2.7
20,Ben Simmons,PG,BRK,42,33,26.3,3.2,5.6,0.566,0.0,0.0,0.0,3.2,5.5,0.571,0.566,0.6,1.4,0.439,1.0,5.3,6.3,6.1,1.3,0.6,2.3,3.3,6.9,1105,13.4,0.559,0.009,0.243,4.2,22.2,13.4,31.3,2.4,1.9,27.2,14.3,0.5,1.7,2.2,0.097,-2.2,2.6,0.4,0.7
21,Pascal Siakam,PF,TOR,71,71,37.4,8.9,18.5,0.48,1.3,4.0,0.324,7.6,14.5,0.523,0.515,5.2,6.7,0.774,1.8,6.0,7.8,5.8,0.9,0.5,2.4,3.2,24.2,2652,20.3,0.565,0.219,0.361,5.2,19.6,11.9,24.9,1.2,1.3,10.0,27.2,5.2,2.6,7.8,0.141,3.3,-0.1,3.1,3.4
22,Myles Turner,C,IND,62,62,29.4,6.5,11.8,0.548,1.5,4.0,0.373,5.0,7.8,0.638,0.612,3.5,4.5,0.783,1.4,6.1,7.5,1.4,0.6,2.3,1.7,3.5,18.0,1825,20.0,0.651,0.34,0.377,5.4,22.9,14.2,7.5,0.9,6.6,10.8,22.0,3.4,2.0,5.4,0.142,1.4,0.7,2.1,1.9
23,Jrue Holiday,PG,MIL,67,65,32.6,7.3,15.3,0.479,2.4,6.1,0.384,5.0,9.1,0.542,0.556,2.3,2.6,0.859,1.2,3.9,5.1,7.4,1.2,0.4,2.9,1.7,19.3,2183,19.2,0.586,0.402,0.173,3.9,12.0,8.1,34.4,1.7,0.9,15.2,25.0,3.9,2.8,6.7,0.148,3.0,0.1,3.1,2.8
24,Karl-Anthony Towns,PF,MIN,29,29,33.0,7.3,14.8,0.495,2.1,5.7,0.366,5.2,9.1,0.576,0.565,4.1,4.7,0.874,1.7,6.5,8.1,4.8,0.7,0.6,3.0,3.8,20.8,957,18.8,0.618,0.383,0.315,5.7,21.6,13.8,22.0,1.0,1.5,15.0,25.6,1.5,1.1,2.7,0.133,2.1,0.9,3.0,1.2
25,Devin Booker,SG,PHO,53,53,34.6,9.9,20.1,0.494,2.1,6.0,0.351,7.8,14.2,0.554,0.546,5.8,6.8,0.855,0.9,3.7,4.5,5.5,1.0,0.3,2.7,3.0,27.8,1835,22.0,0.601,0.296,0.336,2.7,12.0,7.2,27.3,1.4,0.9,10.6,31.8,4.2,1.9,6.0,0.157,4.5,-0.3,4.2,2.9
26,Andrew Wiggins,SF,GSW,37,37,32.2,6.8,14.3,0.473,2.4,6.1,0.396,4.4,8.2,0.53,0.557,1.2,1.9,0.611,1.6,3.4,5.0,2.3,1.2,0.8,1.3,2.9,17.1,1190,14.7,0.564,0.425,0.136,5.7,11.3,8.6,10.5,1.8,2.1,7.9,21.5,1.0,1.3,2.3,0.091,-0.1,-0.4,-0.5,0.5
27,Joel Embiid,C,PHI,66,66,34.6,11.0,20.1,0.548,1.0,3.0,0.33,10.0,17.1,0.587,0.573,10.0,11.7,0.857,1.7,8.4,10.2,4.2,1.0,1.7,3.4,3.1,33.1,2284,31.4,0.655,0.151,0.581,5.9,28.3,17.3,22.9,1.4,4.6,11.9,37.0,8.4,3.9,12.3,0.259,6.8,2.3,9.2,6.4
28,CJ McCollum,SG,NOP,75,75,35.3,7.8,17.9,0.437,2.8,7.2,0.389,5.0,10.7,0.469,0.515,2.4,3.2,0.769,0.7,3.6,4.4,5.7,0.9,0.5,2.4,2.0,20.9,2649,15.6,0.541,0.404,0.177,2.4,11.7,7.0,25.1,1.3,1.4,11.2,26.4,1.5,2.8,4.3,0.078,1.5,-0.7,0.8,1.9
29,James Harden,PG,PHI,58,58,36.8,6.4,14.5,0.441,2.8,7.2,0.385,3.6,7.3,0.495,0.536,5.4,6.2,0.867,0.7,5.4,6.1,10.7,1.2,0.5,3.4,1.9,21.0,2135,21.6,0.607,0.496,0.429,2.3,17.1,9.8,43.3,1.6,1.4,16.3,25.0,5.8,2.6,8.4,0.188,5.1,0.3,5.4,4.0
30,Jamal Murray,PG,DEN,65,65,32.8,7.3,16.0,0.454,2.6,6.6,0.398,4.6,9.4,0.494,0.537,2.8,3.3,0.833,0.7,3.2,4.0,6.2,1.0,0.2,2.2,1.6,20.0,2133,18.0,0.571,0.415,0.207,2.7,11.0,6.9,27.5,1.5,0.7,11.3,26.1,3.3,1.9,5.1,0.116,2.6,-1.3,1.3,1.8
31,Brandon Ingram,SF,NOP,45,45,34.2,9.0,18.6,0.484,1.4,3.6,0.39,7.6,14.9,0.507,0.522,5.3,6.0,0.882,0.5,5.0,5.5,5.8,0.7,0.4,3.3,2.6,24.7,1538,19.2,0.582,0.196,0.326,1.7,16.4,9.1,28.1,1.0,1.2,13.4,30.8,1.8,1.7,3.5,0.108,2.2,-0.4,1.7,1.4
32,D'Angelo Russell,PG,LAL/MIN,71,71,32.5,6.3,13.4,0.469,2.7,6.9,0.396,3.5,6.5,0.548,0.572,2.5,3.0,0.829,0.5,2.5,3.0,6.2,1.0,0.4,2.6,2.0,17.8,2304,16.3,0.605,0.517,0.228,1.7,8.5,5.2,27.4,1.4,1.1,15.1,22.7,3.1,1.9,5.1,0.106,2.1,-0.7,1.5,2.0
33,Donovan Mitchell,SG,CLE,68,68,35.8,10.0,20.6,0.484,3.6,9.3,0.386,6.4,11.3,0.566,0.572,4.7,5.4,0.867,0.9,3.3,4.3,4.4,1.5,0.4,2.6,2.5,28.3,2432,22.9,0.614,0.453,0.262,3.1,10.9,7.0,21.4,2.0,1.0,10.3,32.1,5.4,3.5,8.9,0.176,5.6,0.6,6.3,5.0
34,Shai Gilgeous-Alexander,PG,OKC,68,68,35.5,10.4,20.3,0.51,0.9,2.5,0.345,9.5,17.8,0.533,0.531,9.8,10.9,0.905,0.9,4.0,4.8,5.5,1.6,1.0,2.8,2.8,31.4,2416,27.2,0.626,0.122,0.535,2.6,12.2,7.3,25.7,2.2,2.5,10.1,32.8,8.4,3.0,11.4,0.226,5.7,1.5,7.3,5.6
35,Deandre Ayton,C,PHO,67,67,30.4,7.8,13.2,0.589,0.1,0.4,0.292,7.7,12.9,0.597,0.592,2.3,3.0,0.76,2.6,7.4,10.0,1.7,0.6,0.8,1.8,2.8,18.0,2035,19.9,0.617,0.027,0.225,9.2,27.5,18.1,9.2,0.9,2.3,11.0,22.9,3.3,3.0,6.2,0.147,0.9,0.0,0.9,1.5
36,Kevin Love,PF,CLE/MIA,62,20,20.0,2.7,6.8,0.389,1.6,4.8,0.334,1.1,2.1,0.516,0.506,1.3,1.5,0.879,1.0,5.5,6.4,1.9,0.3,0.2,1.1,1.6,8.2,1240,13.1,0.548,0.698,0.215,5.5,32.6,18.9,13.2,0.6,0.9,13.1,19.2,0.6,2.0,2.6,0.099,0.2,0.4,0.6,0.8
37,Jayson Tatum,SF,BOS,74,74,36.9,9.8,21.1,0.466,3.2,9.3,0.35,6.6,11.8,0.558,0.543,7.2,8.4,0.854,1.1,7.7,8.8,4.6,1.1,0.7,2.9,2.2,30.1,2732,23.7,0.607,0.44,0.399,3.2,22.5,13.0,20.9,1.4,1.6,10.4,32.7,6.2,4.3,10.5,0.185,4.8,0.7,5.5,5.1
38,Bam Adebayo,C,MIA,75,75,34.6,8.0,14.9,0.54,0.0,0.2,0.083,8.0,14.7,0.545,0.541,4.3,5.4,0.806,2.5,6.7,9.2,3.2,1.2,0.8,2.5,2.8,20.4,2598,20.1,0.592,0.011,0.361,8.0,23.6,15.5,15.9,1.7,2.4,12.7,25.2,3.6,3.8,7.4,0.137,0.8,0.8,1.5,2.3
39,De'Aaron Fox,PG,SAC,73,73,33.4,9.3,18.2,0.512,1.6,5.0,0.324,7.7,13.2,0.584,0.557,4.7,6.0,0.78,0.5,3.6,4.2,6.1,1.1,0.3,2.5,2.4,25.0,2435,21.8,0.599,0.276,0.331,1.9,12.4,7.2,29.6,1.6,0.8,10.6,30.1,5.5,1.8,7.4,0.146,3.4,-0.9,2.5,2.7
40,Gordon Hayward,SF,CHO,50,50,31.5,5.5,11.6,0.475,1.0,3.2,0.325,4.5,8.4,0.532,0.52,2.6,3.2,0.811,0.7,3.6,4.3,4.1,0.8,0.2,2.0,1.4,14.7,1577,13.5,0.563,0.275,0.274,2.2,12.6,7.3,19.3,1.3,0.7,13.2,20.0,0.8,1.1,2.0,0.059,-1.1,-0.3,-1.4,0.2
41,Jaylen Brown,SF,BOS,67,67,35.9,10.1,20.6,0.491,2.4,7.3,0.335,7.7,13.4,0.576,0.55,3.9,5.1,0.765,1.2,5.7,6.9,3.5,1.1,0.4,2.9,2.6,26.6,2405,19.1,0.581,0.352,0.249,3.6,17.0,10.4,16.5,1.5,0.9,11.4,31.4,1.6,3.4,5.0,0.1,1.5,-0.2,1.3,2.0
42,Chris Paul,PG,PHO,59,59,32.0,5.0,11.3,0.44,1.7,4.4,0.375,3.3,6.9,0.482,0.513,2.3,2.7,0.831,0.5,3.8,4.3,8.9,1.5,0.4,1.9,2.1,13.9,1889,17.7,0.555,0.391,0.24,1.6,13.4,7.4,38.7,2.4,1.0,13.4,19.2,3.7,2.5,6.2,0.156,2.0,1.2,3.2,2.5
43,Kyle Lowry,PG,MIA,55,44,31.2,3.6,8.8,0.404,1.9,5.6,0.345,1.6,3.2,0.509,0.514,2.1,2.5,0.859,0.8,3.3,4.1,5.1,1.0,0.4,1.9,2.6,11.2,1718,12.6,0.565,0.639,0.278,2.8,12.9,7.7,23.4,1.7,1.2,15.9,16.7,1.5,1.9,3.4,0.096,-0.7,0.8,0.2,0.9
44,Jalen Brunson,PG,NYK,68,68,35.0,8.6,17.6,0.491,2.0,4.7,0.416,6.7,12.8,0.519,0.547,4.8,5.8,0.829,0.6,3.0,3.5,6.2,0.9,0.2,2.1,2.2,24.0,2379,21.2,0.597,0.269,0.328,1.8,9.3,5.6,28.7,1.3,0.6,9.4,27.2,6.9,1.8,8.7,0.175,4.4,-0.5,3.9,3.5
45,DeMar DeRozan,SF,CHI,74,74,36.2,8.9,17.6,0.504,0.6,1.9,0.324,8.3,15.7,0.526,0.522,6.2,7.1,0.872,0.5,4.2,4.6,5.1,1.1,0.5,2.1,2.5,24.5,2682,20.6,0.592,0.109,0.401,1.5,12.8,7.2,22.3,1.5,1.3,9.1,27.8,5.4,3.2,8.5,0.153,1.7,0.3,2.0,2.6
46,Al Horford,C,BOS,63,63,30.5,3.6,7.6,0.476,2.3,5.2,0.446,1.3,2.4,0.539,0.627,0.2,0.3,0.714,1.2,5.0,6.2,3.0,0.5,1.0,0.6,1.9,9.8,1922,13.8,0.631,0.678,0.044,4.2,17.7,11.1,13.2,0.8,2.7,7.0,11.9,3.6,2.7,6.3,0.157,1.6,1.7,3.3,2.5
47,Draymond Green,PF,GSW,73,73,31.5,3.4,6.5,0.527,0.5,1.8,0.305,2.9,4.7,0.612,0.57,1.1,1.5,0.713,0.9,6.3,7.2,6.8,1.0,0.8,2.8,3.1,8.5,2297,12.2,0.592,0.276,0.228,3.2,21.6,12.6,27.8,1.5,2.3,28.1,13.2,1.6,3.1,4.7,0.098,-1.8,2.6,0.8,1.6
48,Julius Randle,PF,NYK,77,77,35.5,8.5,18.6,0.459,2.8,8.3,0.343,5.7,10.3,0.553,0.536,5.2,6.9,0.757,1.8,8.1,10.0,4.1,0.6,0.3,2.8,3.0,25.1,2737,20.3,0.581,0.444,0.371,5.6,25.2,15.4,18.5,0.9,0.7,11.5,29.5,5.0,3.1,8.1,0.142,3.9,-0.2,3.7,3.9
49,John Collins,PF,ATL,71,71,30.0,5.1,10.0,0.508,1.0,3.4,0.292,4.1,6.6,0.619,0.557,2.0,2.5,0.803,1.1,5.4,6.5,1.2,0.6,1.0,1.1,3.1,13.1,2130,13.6,0.593,0.339,0.252,3.9,20.0,11.9,5.3,0.9,2.9,9.1,17.1,2.1,2.1,4.2,0.095,-1.4,0.2,-1.3,0.4
50,Mike Conley,PG,MIN/UTA,67,66,30.3,3.9,9.1,0.428,2.0,5.2,0.385,1.9,3.9,0.486,0.539,2.1,2.5,0.834,0.5,2.2,2.7,6.7,1.1,0.2,1.5,2.1,11.9,2029,14.7,0.583,0.575,0.277,1.8,7.9,4.9,29.4,1.7,0.6,13.1,16.3,4.1,1.4,5.5,0.13,1.0,-0.1,0.9,1.5
51,Malcolm Brogdon,PG,BOS,67,0,26.0,5.3,10.9,0.484,2.0,4.4,0.444,3.3,6.5,0.51,0.574,2.4,2.7,0.87,0.6,3.6,4.2,3.7,0.7,0.3,1.5,1.6,14.9,1744,18.2,0.615,0.406,0.251,2.7,14.7,8.8,21.5,1.3,0.9,10.8,22.8,3.6,2.2,5.8,0.161,2.3,0.6,2.8,2.1
52,Anfernee Simons,SG,POR,62,62,35.0,7.5,16.9,0.447,3.4,9.1,0.377,4.1,7.8,0.528,0.548,2.6,2.9,0.894,0.3,2.3,2.6,4.1,0.7,0.2,2.1,2.3,21.1,2171,14.8,0.581,0.538,0.171,0.9,7.6,4.3,18.6,0.9,0.6,10.2,25.1,2.1,0.3,2.5,0.054,1.3,-2.5,-1.1,0.5
53,Terry Rozier,SG,CHO,63,63,35.3,7.8,18.9,0.415,2.6,8.0,0.327,5.2,10.8,0.48,0.484,2.8,3.5,0.809,0.8,3.3,4.1,5.1,1.2,0.3,2.1,1.9,21.1,2221,14.7,0.517,0.425,0.185,2.4,10.2,6.2,22.7,1.6,0.6,9.4,26.9,0.1,1.6,1.7,0.037,0.6,-1.1,-0.6,0.8
54,Fred VanVleet,PG,TOR,69,69,36.7,6.3,16.1,0.393,3.0,8.8,0.342,3.3,7.3,0.455,0.486,3.7,4.1,0.898,0.4,3.6,4.1,7.2,1.8,0.6,2.0,2.8,19.3,2535,17.0,0.54,0.545,0.254,1.2,12.0,6.3,28.1,2.4,1.5,10.2,23.2,3.7,2.8,6.5,0.123,2.0,0.5,2.5,2.9
55,Buddy Hield,SF,IND,80,73,31.0,5.9,13.0,0.458,3.6,8.5,0.425,2.3,4.5,0.518,0.596,1.3,1.6,0.822,0.8,4.2,5.0,2.8,1.2,0.3,1.7,2.0,16.8,2482,15.4,0.614,0.652,0.124,3.0,14.9,8.9,13.3,1.8,0.9,11.3,20.8,2.7,1.6,4.4,0.085,2.5,-0.6,1.9,2.4
56,Domantas Sabonis,C,SAC,79,79,34.6,7.3,11.9,0.615,0.4,1.1,0.373,6.9,10.8,0.639,0.632,4.1,5.5,0.742,3.2,9.1,12.3,7.3,0.8,0.5,2.9,3.5,19.1,2736,23.5,0.668,0.088,0.467,10.6,30.0,20.3,30.4,1.1,1.2,16.9,21.3,9.6,3.0,12.6,0.221,4.1,1.8,5.8,5.4
57,Jerami Grant,PF,POR,63,63,35.7,6.9,14.5,0.475,2.3,5.7,0.401,4.6,8.8,0.523,0.554,4.4,5.4,0.813,0.8,3.7,4.5,2.4,0.8,0.8,1.8,2.4,20.5,2246,16.0,0.606,0.393,0.375,2.7,11.9,7.2,10.3,1.1,2.1,9.8,22.8,3.1,1.0,4.1,0.087,1.2,-1.4,-0.2,1.0
58,Aaron Gordon,PF,DEN,68,68,30.2,6.3,11.2,0.564,0.9,2.5,0.347,5.4,8.6,0.628,0.603,2.8,4.6,0.608,2.4,4.1,6.6,3.0,0.8,0.8,1.4,1.9,16.3,2055,19.5,0.617,0.227,0.413,9.4,15.4,12.5,14.2,1.3,2.2,9.8,21.1,4.6,2.2,6.8,0.158,2.4,-0.3,2.1,2.1
59,Mikal Bridges,SF-SG,BRK/PHO,83,83,35.7,7.1,15.3,0.468,2.0,5.3,0.382,5.1,9.9,0.514,0.535,3.8,4.3,0.895,1.0,3.4,4.4,3.3,1.1,0.7,1.5,1.9,20.1,2963,16.8,0.587,0.349,0.279,2.9,10.8,6.8,13.7,1.5,1.8,8.2,22.6,4.4,3.1,7.5,0.121,1.5,0.2,1.7,2.8
60,Jarrett Allen,C,CLE,68,68,32.6,5.9,9.2,0.644,0.0,0.1,0.1,5.9,9.1,0.653,0.645,2.4,3.3,0.733,3.3,6.5,9.8,1.7,0.8,1.2,1.4,2.3,14.3,2220,19.9,0.67,0.016,0.353,11.7,23.6,17.7,7.5,1.2,3.5,11.4,16.4,5.5,4.0,9.5,0.205,1.3,1.0,2.4,2.4
61,Nicolas Batum,PF,LAC,78,19,21.9,2.1,4.9,0.42,1.6,4.1,0.391,0.5,0.8,0.563,0.583,0.4,0.6,0.708,0.8,3.0,3.8,1.6,0.7,0.6,0.6,1.9,6.1,1709,11.0,0.594,0.832,0.126,4.1,15.4,9.8,9.4,1.5,2.3,11.1,11.5,1.7,1.9,3.6,0.101,-0.8,1.2,0.5,1.0
62,Eric Gordon,SG,HOU/LAC,69,58,28.5,4.2,9.5,0.446,1.9,5.2,0.371,2.3,4.3,0.535,0.547,2.1,2.5,0.821,0.2,1.7,1.9,2.7,0.6,0.4,1.5,1.1,12.4,1965,11.8,0.587,0.545,0.265,0.9,6.7,3.8,13.4,1.1,1.2,12.5,17.8,1.8,0.5,2.3,0.056,-0.5,-1.4,-1.9,0.1
63,Spencer Dinwiddie,SG-PG,BRK/DAL,79,79,34.5,5.8,13.3,0.438,2.3,6.2,0.369,3.5,7.1,0.498,0.524,3.4,4.2,0.812,0.4,3.1,3.4,6.5,0.8,0.3,1.8,2.4,17.3,2725,16.0,0.573,0.467,0.314,1.2,10.2,5.7,28.1,1.2,0.8,10.8,22.1,4.5,1.8,6.3,0.111,1.6,-0.9,0.7,1.8
64,Caris LeVert,SG,CLE,74,30,30.2,4.3,10.0,0.431,1.7,4.4,0.392,2.6,5.6,0.462,0.517,1.8,2.4,0.722,0.7,3.1,3.8,3.9,1.0,0.3,1.6,2.3,12.1,2237,12.4,0.546,0.437,0.243,2.8,12.1,7.4,18.0,1.6,1.0,12.4,18.7,1.4,3.1,4.4,0.095,-1.0,0.8,-0.2,1.0
65,Joe Harris,SF,BRK,74,33,20.6,2.7,5.9,0.457,1.9,4.5,0.426,0.8,1.4,0.551,0.618,0.2,0.4,0.643,0.3,1.9,2.2,1.4,0.5,0.2,0.6,1.9,7.6,1527,10.6,0.621,0.757,0.064,1.7,10.1,6.0,9.1,1.1,0.7,8.3,14.3,1.5,1.1,2.6,0.083,-0.6,-0.6,-1.1,0.3
66,Harrison Barnes,PF,SAC,82,82,32.5,4.6,9.6,0.473,1.6,4.3,0.374,3.0,5.3,0.553,0.556,4.3,5.0,0.847,1.1,3.4,4.5,1.6,0.7,0.1,1.0,1.3,15.0,2662,14.1,0.632,0.446,0.522,3.8,11.9,7.9,6.3,1.0,0.3,8.1,17.1,5.1,1.4,6.5,0.118,0.5,-1.5,-1.0,0.7
67,Clint Capela,C,ATL,65,63,26.6,5.4,8.2,0.653,0.0,0.0,0.0,5.4,8.2,0.654,0.653,1.2,2.0,0.603,4.0,7.1,11.0,0.9,0.7,1.2,0.8,2.1,12.0,1730,22.1,0.656,0.002,0.244,16.1,29.4,22.7,4.7,1.2,3.9,8.3,15.7,4.9,2.4,7.2,0.201,2.3,-0.1,2.2,1.8
68,Evan Fournier,SG,NYK,27,7,17.0,2.1,6.1,0.337,1.3,4.2,0.307,0.8,1.9,0.404,0.443,0.7,0.8,0.857,0.1,1.7,1.8,1.3,0.6,0.1,0.8,1.7,6.1,459,6.9,0.471,0.687,0.127,1.0,10.8,5.9,10.6,1.7,0.6,11.2,18.4,-0.3,0.4,0.1,0.01,-4.0,0.0,-4.0,-0.2
69,Steven Adams,C,MEM,42,42,27.0,3.7,6.3,0.597,0.0,0.0,0.0,3.7,6.2,0.599,0.597,1.1,3.1,0.364,5.1,6.5,11.5,2.3,0.9,1.1,1.9,2.3,8.6,1133,17.5,0.564,0.004,0.49,20.1,25.3,22.7,11.2,1.5,3.7,19.8,14.6,1.3,2.1,3.4,0.144,-0.3,0.9,0.6,0.7
71,OG Anunoby,SF,TOR,67,67,35.6,6.3,13.2,0.476,2.1,5.5,0.387,4.2,7.7,0.539,0.556,2.1,2.5,0.838,1.4,3.5,5.0,2.0,1.9,0.7,2.0,3.0,16.8,2386,14.6,0.586,0.415,0.189,4.2,12.1,7.9,8.0,2.7,2.0,12.1,19.5,1.8,2.9,4.7,0.094,-0.3,0.7,0.4,1.5
72,Marcus Smart,PG,BOS,61,61,32.1,4.1,9.9,0.415,1.9,5.6,0.336,2.2,4.3,0.519,0.511,1.4,1.9,0.746,0.8,2.4,3.1,6.3,1.5,0.4,2.3,2.8,11.5,1957,12.1,0.538,0.568,0.196,2.6,8.0,5.3,26.4,2.3,1.0,17.9,17.8,1.0,2.7,3.7,0.092,-1.8,0.8,-1.0,0.5
73,Derrick White,SG,BOS,82,70,28.3,4.3,9.2,0.462,1.8,4.8,0.381,2.5,4.5,0.548,0.56,2.0,2.3,0.875,0.6,2.9,3.6,3.9,0.7,0.9,1.2,2.2,12.4,2319,15.4,0.604,0.516,0.253,2.5,11.2,6.9,19.4,1.1,2.8,10.1,17.7,4.4,3.1,7.4,0.154,1.1,1.3,2.4,2.6
74,Dejounte Murray,SG,ATL,74,74,36.4,8.3,17.8,0.464,1.8,5.2,0.344,6.5,12.6,0.514,0.514,2.1,2.6,0.832,0.7,4.5,5.3,6.1,1.5,0.3,2.2,1.4,20.5,2693,17.0,0.54,0.293,0.144,2.1,13.8,7.9,24.0,2.0,0.6,10.2,24.4,2.4,2.3,4.7,0.084,1.1,0.0,1.0,2.1
75,Mitchell Robinson,C,NYK,59,58,27.0,3.2,4.7,0.671,0.0,0.0,0.0,3.2,4.7,0.671,0.671,1.0,2.1,0.484,4.5,4.9,9.4,0.9,0.9,1.8,0.7,2.7,7.4,1591,18.9,0.652,0.0,0.436,18.4,20.0,19.2,4.5,1.7,6.5,10.9,10.1,4.0,2.6,6.5,0.197,1.0,1.4,2.4,1.7
76,Duncan Robinson,SF,MIA,42,1,16.5,2.1,5.6,0.371,1.5,4.6,0.328,0.6,1.1,0.556,0.504,0.7,0.8,0.906,0.2,1.5,1.6,1.1,0.3,0.0,0.7,1.8,6.4,691,7.8,0.534,0.81,0.135,1.3,10.7,5.9,9.7,1.0,0.0,10.0,17.9,-0.1,0.6,0.5,0.035,-3.5,-1.5,-5.0,-0.5
77,Norman Powell,SG,LAC,60,8,26.1,5.7,11.8,0.479,1.9,4.8,0.397,3.8,7.1,0.534,0.559,3.8,4.6,0.812,0.4,2.5,2.9,1.8,0.8,0.3,1.7,2.1,17.0,1567,17.1,0.612,0.404,0.39,1.7,10.7,6.3,11.0,1.6,1.0,10.8,26.0,2.1,1.4,3.5,0.107,0.9,-0.7,0.3,0.9
78,Collin Sexton,PG,UTA,48,15,23.9,4.9,9.8,0.506,1.0,2.5,0.393,3.9,7.2,0.546,0.558,3.4,4.1,0.819,0.8,1.4,2.2,2.9,0.6,0.1,1.8,2.3,14.3,1145,15.9,0.616,0.261,0.425,3.5,6.3,5.0,17.9,1.1,0.4,13.3,23.4,2.0,0.5,2.5,0.105,0.1,-1.5,-1.3,0.2
79,Markelle Fultz,PG,ORL,60,60,29.6,5.8,11.3,0.514,0.5,1.5,0.31,5.4,9.9,0.544,0.534,1.9,2.4,0.783,1.2,2.8,3.9,5.7,1.5,0.4,2.3,2.2,14.0,1778,16.6,0.564,0.128,0.211,4.4,10.5,7.4,29.8,2.4,1.4,15.8,21.3,1.7,2.0,3.7,0.1,-0.1,0.7,0.5,1.2
80,Lauri Markkanen,PF,UTA,66,66,34.4,8.7,17.3,0.499,3.0,7.7,0.391,5.6,9.6,0.585,0.586,5.3,6.0,0.875,2.0,6.7,8.6,1.9,0.6,0.6,1.9,2.1,25.6,2273,22.1,0.64,0.446,0.348,6.3,20.7,13.6,8.6,0.9,1.4,8.8,26.6,6.3,1.9,8.2,0.173,4.9,-1.0,3.8,3.3
81,Marcus Morris,PF,LAC,65,65,28.1,4.2,9.9,0.426,1.7,4.7,0.364,2.5,5.2,0.484,0.513,1.0,1.3,0.782,0.4,3.5,4.0,1.8,0.6,0.3,0.9,2.1,11.2,1825,10.5,0.534,0.479,0.135,1.8,13.9,7.9,8.9,1.1,1.0,7.6,17.6,0.4,1.6,2.0,0.053,-1.8,-0.2,-1.9,0.0
82,Malik Beasley,SG,LAL/UTA,81,27,25.8,4.6,11.6,0.395,2.9,8.1,0.357,1.7,3.4,0.484,0.52,0.6,0.8,0.769,0.4,3.1,3.5,1.5,0.8,0.1,1.1,1.3,12.7,2093,10.9,0.531,0.702,0.069,1.8,12.5,7.3,8.4,1.5,0.4,8.5,21.1,-0.2,1.6,1.4,0.032,-0.9,-1.0,-2.0,0.0
83,Luguentz Dort,SF,OKC,74,73,30.7,4.6,11.8,0.388,1.8,5.5,0.33,2.8,6.3,0.44,0.466,2.7,3.5,0.772,1.7,2.9,4.6,2.1,1.0,0.3,1.2,3.3,13.7,2272,11.3,0.513,0.468,0.297,5.9,10.4,8.1,9.2,1.6,0.9,8.5,19.8,0.9,2.1,2.9,0.062,-2.0,-1.0,-3.0,-0.6
84,Will Barton,SG,WAS/TOR,56,2,17.7,2.5,6.5,0.379,1.2,3.2,0.367,1.3,3.3,0.391,0.47,0.7,0.8,0.787,0.3,2.2,2.4,2.0,0.5,0.2,0.9,1.0,6.8,993,10.0,0.493,0.495,0.129,1.7,13.5,7.7,15.4,1.4,1.1,11.1,18.9,-0.4,0.8,0.4,0.021,-2.0,-0.6,-2.6,-0.2
85,Tyus Jones,PG,MEM,80,22,24.3,3.9,8.9,0.438,1.5,4.1,0.371,2.4,4.8,0.495,0.523,1.0,1.3,0.8,0.4,2.2,2.5,5.2,1.0,0.1,0.9,0.4,10.3,1940,16.0,0.546,0.459,0.141,1.5,9.4,5.5,28.8,2.0,0.3,8.9,17.7,3.4,2.3,5.7,0.141,1.2,0.3,1.6,1.7
86,Derrick Rose,PG,NYK,27,0,12.5,2.3,5.9,0.384,0.7,2.3,0.302,1.6,3.6,0.438,0.443,0.4,0.4,0.917,0.3,1.2,1.5,1.7,0.3,0.2,0.8,0.7,5.6,338,10.1,0.463,0.396,0.075,2.6,10.4,6.5,19.9,1.0,1.4,11.8,23.6,-0.3,0.3,0.0,-0.001,-2.2,-1.5,-3.7,-0.1
87,Kevin Huerter,SG,SAC,75,75,29.4,5.6,11.5,0.485,2.7,6.8,0.402,2.9,4.7,0.604,0.603,1.3,1.7,0.725,0.6,2.8,3.3,2.9,1.1,0.3,1.3,2.4,15.2,2203,15.2,0.617,0.589,0.151,2.2,10.8,6.5,14.1,1.7,1.0,9.5,19.9,3.3,1.7,4.9,0.107,1.4,-0.3,1.0,1.7
88,Christian Wood,C,DAL,67,17,25.9,5.9,11.5,0.515,1.6,4.2,0.376,4.3,7.3,0.594,0.583,3.2,4.2,0.772,1.3,6.0,7.3,1.8,0.4,1.1,1.8,2.5,16.6,1738,20.6,0.624,0.363,0.365,5.8,27.4,16.4,11.7,0.9,3.7,11.9,26.4,2.7,2.1,4.8,0.132,1.9,-0.3,1.7,1.6
89,Kentavious Caldwell-Pope,SG,DEN,76,76,31.3,3.8,8.3,0.462,1.8,4.2,0.423,2.1,4.1,0.502,0.569,1.4,1.6,0.824,0.5,2.3,2.7,2.4,1.5,0.5,1.1,1.9,10.8,2381,11.5,0.598,0.505,0.198,1.7,8.1,5.0,9.8,2.3,1.3,11.1,14.1,2.0,2.5,4.5,0.091,-1.6,0.6,-1.0,0.6
90,Brook Lopez,C,MIL,78,78,30.4,6.1,11.5,0.531,1.7,4.7,0.374,4.4,6.9,0.637,0.606,1.9,2.4,0.784,2.0,4.7,6.7,1.3,0.5,2.5,1.4,2.6,15.9,2373,18.4,0.63,0.405,0.211,7.2,15.3,11.4,6.1,0.7,6.7,9.8,19.3,4.1,3.9,8.0,0.161,0.8,1.3,2.1,2.5
91,Patrick Beverley,SG-PG,LAL/CHI,67,67,27.1,2.1,5.4,0.4,1.2,3.6,0.335,1.0,1.8,0.529,0.511,0.7,1.0,0.723,0.7,3.0,3.7,2.9,0.9,0.6,0.9,2.8,6.2,1816,8.9,0.534,0.664,0.181,2.7,12.0,7.5,13.3,1.7,2.0,13.4,10.6,0.8,2.1,3.0,0.079,-2.9,1.7,-1.2,0.3
92,Doug McDermott,SF,SAS,64,0,20.5,3.7,8.2,0.457,1.9,4.7,0.413,1.8,3.5,0.516,0.575,0.8,1.1,0.757,0.4,1.8,2.2,1.4,0.2,0.1,0.9,1.8,10.2,1314,11.2,0.59,0.57,0.134,1.9,9.9,5.8,9.8,0.5,0.4,9.5,19.2,1.0,0.0,1.0,0.035,-0.7,-2.5,-3.2,-0.4
93,Luke Kennard,SG,LAC/MEM,59,14,22.3,3.2,6.5,0.492,2.3,4.6,0.494,0.9,1.9,0.487,0.666,0.6,0.7,0.949,0.3,2.4,2.7,1.5,0.5,0.1,0.8,1.4,9.3,1315,13.0,0.684,0.704,0.102,1.2,11.8,6.6,9.4,1.2,0.3,10.3,14.5,2.2,1.2,3.4,0.124,0.6,-0.1,0.5,0.8
94,Zion Williamson,PF,NOP,29,29,33.0,9.8,16.2,0.608,0.2,0.7,0.368,9.6,15.5,0.618,0.615,6.1,8.6,0.714,2.0,5.0,7.0,4.6,1.1,0.6,3.4,2.2,26.0,956,25.2,0.652,0.041,0.529,6.9,17.0,12.0,24.4,1.6,1.6,14.6,30.4,2.3,1.2,3.6,0.18,4.8,1.0,5.8,1.9
95,Jordan Clarkson,SG,UTA,61,61,32.6,7.5,16.9,0.444,2.5,7.5,0.338,5.0,9.4,0.53,0.519,3.3,4.0,0.816,1.2,2.9,4.0,4.4,0.5,0.2,3.0,2.0,20.8,1988,14.7,0.558,0.445,0.238,4.0,9.3,6.7,20.9,0.8,0.6,14.0,27.8,0.9,0.8,1.7,0.042,1.0,-2.4,-1.4,0.3
96,Gary Harris,SG,ORL,48,42,24.7,2.9,6.4,0.45,2.0,4.5,0.431,0.9,1.9,0.494,0.603,0.6,0.6,0.9,0.4,1.6,2.0,1.2,0.9,0.3,0.6,1.9,8.3,1184,10.5,0.62,0.71,0.098,2.0,7.4,4.7,6.9,1.8,1.0,8.0,12.6,1.3,1.1,2.3,0.095,-1.4,0.7,-0.7,0.4
97,Kyle Kuzma,PF,WAS,64,64,35.0,8.0,17.8,0.448,2.5,7.5,0.333,5.5,10.3,0.533,0.518,2.7,3.7,0.73,0.9,6.4,7.2,3.7,0.6,0.5,3.0,2.3,21.2,2239,14.3,0.544,0.421,0.208,2.8,19.5,11.5,16.5,0.8,1.1,13.2,27.9,-1.0,1.9,0.9,0.019,-0.2,-1.5,-1.7,0.2
98,Josh Hart,SF,NYK/POR,76,52,32.3,3.6,6.8,0.529,0.8,2.2,0.372,2.8,4.7,0.601,0.588,1.7,2.3,0.75,1.9,5.9,7.8,3.8,1.2,0.3,1.5,2.6,9.8,2454,14.1,0.622,0.315,0.338,6.5,21.0,13.7,16.1,1.8,0.8,16.4,12.6,3.8,2.2,6.0,0.118,-0.2,1.1,0.9,1.8
99,Dorian Finney-Smith,PF,BRK/DAL,66,66,30.4,3.0,7.6,0.391,1.7,5.1,0.337,1.2,2.5,0.503,0.505,0.7,0.9,0.763,1.7,3.1,4.8,1.5,0.8,0.5,0.9,2.2,8.3,2009,9.2,0.523,0.675,0.118,6.5,11.5,9.0,6.7,1.4,1.6,10.5,13.2,0.6,1.6,2.1,0.051,-1.7,-0.3,-2.0,0.0
100,Kelly Olynyk,C,UTA,68,68,28.6,4.1,8.2,0.499,1.4,3.5,0.394,2.7,4.7,0.576,0.583,2.9,3.4,0.853,1.2,5.0,6.2,3.7,0.9,0.5,2.5,3.4,12.5,1942,14.4,0.643,0.424,0.417,4.6,18.6,11.7,17.6,1.5,1.6,20.3,17.8,2.4,1.9,4.3,0.106,-0.4,0.9,0.4,1.2
101,Chris Boucher,PF,TOR,76,0,20.0,3.4,7.0,0.493,0.8,2.5,0.328,2.6,4.5,0.585,0.552,1.7,2.2,0.762,2.1,3.5,5.5,0.4,0.6,0.8,0.5,1.9,9.4,1523,18.0,0.59,0.357,0.318,10.9,21.2,15.7,2.7,1.5,4.1,6.4,18.0,3.0,2.0,5.0,0.156,0.7,-0.8,-0.1,0.7
102,Robert Covington,PF,LAC,48,0,16.2,2.1,4.8,0.445,1.1,2.8,0.397,1.0,1.9,0.516,0.563,0.6,0.8,0.75,0.6,2.8,3.5,1.2,0.8,0.7,0.7,1.8,6.0,779,14.2,0.584,0.594,0.175,4.5,19.2,11.9,10.2,2.4,3.7,11.5,15.6,0.7,1.2,1.9,0.117,-0.5,2.1,1.7,0.7
103,Josh Richardson,SG,NOP/SAS,65,10,23.5,3.7,8.5,0.431,1.6,4.5,0.365,2.0,4.0,0.506,0.528,1.1,1.2,0.852,0.6,2.1,2.7,2.7,1.1,0.3,1.3,1.8,10.1,1530,12.3,0.555,0.529,0.146,2.9,9.9,6.3,15.8,2.2,1.2,12.7,18.4,0.6,1.1,1.8,0.055,-1.0,-0.1,-1.2,0.3
104,Ja Morant,PG,MEM,61,59,31.9,9.3,19.9,0.466,1.5,4.9,0.307,7.8,15.0,0.519,0.504,6.1,8.1,0.748,1.0,4.9,5.9,8.1,1.1,0.3,3.4,1.6,26.2,1948,23.3,0.557,0.247,0.409,3.3,16.1,9.7,41.1,1.6,0.7,12.6,34.9,3.4,2.6,6.0,0.148,5.2,0.5,5.7,3.8
106,Terrence Ross,SG,ORL/PHO,63,9,21.1,3.2,7.4,0.43,1.5,4.1,0.368,1.7,3.3,0.507,0.532,0.4,0.5,0.794,0.3,2.1,2.4,1.5,0.6,0.2,0.7,1.5,8.3,1330,10.2,0.544,0.555,0.073,1.8,11.2,6.5,10.2,1.3,0.7,8.2,16.8,0.5,1.2,1.6,0.059,-1.8,-0.3,-2.1,0.0
107,Reggie Jackson,PG,DEN/LAC,68,40,24.4,3.9,9.4,0.411,1.4,4.2,0.333,2.5,5.2,0.474,0.486,1.0,1.1,0.91,0.4,1.8,2.1,3.4,0.7,0.1,1.7,1.7,10.2,1657,10.0,0.514,0.45,0.122,1.7,8.0,4.9,20.0,1.4,0.3,14.6,20.8,-0.6,1.2,0.6,0.018,-2.9,-1.1,-3.9,-0.8
108,Dillon Brooks,SF,MEM,73,73,30.3,5.4,13.6,0.396,2.0,6.0,0.326,3.4,7.6,0.451,0.468,1.6,2.1,0.779,0.6,2.7,3.3,2.6,0.9,0.2,1.4,3.3,14.3,2214,9.4,0.494,0.443,0.155,2.2,9.5,5.8,11.7,1.4,0.7,8.9,21.8,-0.8,2.4,1.6,0.034,-3.4,-0.5,-3.9,-1.1
109,Richaun Holmes,C,SAC,42,1,8.3,1.3,2.1,0.618,0.1,0.2,0.625,1.2,1.9,0.617,0.646,0.4,0.5,0.789,0.7,1.2,1.9,0.2,0.1,0.3,0.3,1.2,3.1,348,12.9,0.668,0.09,0.213,9.6,16.6,13.1,3.5,0.4,2.8,12.6,13.7,0.6,0.3,0.8,0.113,-2.0,-0.9,-2.9,-0.1
110,Dwight Powell,C,DAL,76,64,19.2,2.6,3.5,0.732,0.0,0.1,0.0,2.6,3.5,0.746,0.732,1.5,2.2,0.667,2.0,2.2,4.1,0.9,0.6,0.3,0.9,2.8,6.7,1458,15.5,0.738,0.019,0.625,11.8,13.3,12.5,6.9,1.6,1.6,15.9,12.6,3.8,1.3,5.1,0.168,-1.2,0.0,-1.2,0.3
111,Paolo Banchero,PF,ORL,72,72,33.8,6.7,15.6,0.427,1.2,4.0,0.298,5.5,11.6,0.471,0.465,5.5,7.4,0.738,1.2,5.7,6.9,3.7,0.8,0.5,2.8,2.2,20.0,2430,14.9,0.529,0.254,0.476,3.9,19.3,11.6,17.2,1.2,1.5,12.8,27.5,-0.3,2.6,2.4,0.047,-0.7,-0.7,-1.5,0.3
112,RJ Barrett,SG,NYK,73,73,33.9,7.0,16.1,0.434,1.7,5.3,0.31,5.3,10.8,0.495,0.485,4.0,5.4,0.74,0.8,4.2,5.0,2.8,0.4,0.2,2.2,2.5,19.6,2475,12.9,0.531,0.332,0.333,2.7,13.7,8.2,12.4,0.6,0.6,10.8,26.2,0.5,1.8,2.2,0.043,-1.2,-1.9,-3.1,-0.7
113,Bobby Portis,PF,MIL,70,22,26.0,5.7,11.5,0.496,1.4,3.7,0.37,4.3,7.8,0.555,0.555,1.4,1.8,0.768,2.2,7.4,9.6,1.5,0.4,0.2,1.2,1.6,14.1,1818,17.8,0.575,0.32,0.156,9.2,28.6,19.3,8.7,0.8,0.7,8.6,21.7,2.5,2.8,5.3,0.139,1.2,-0.6,0.7,1.2
114,DeAndre Jordan,C,DEN,39,8,15.0,2.3,2.9,0.765,0.0,0.0,1.0,2.2,2.9,0.763,0.77,0.6,1.2,0.458,1.3,3.8,5.2,0.9,0.3,0.6,1.2,1.8,5.1,586,14.7,0.731,0.009,0.417,10.5,28.6,19.8,7.7,1.0,3.5,26.1,13.7,0.5,0.9,1.4,0.112,-2.4,0.7,-1.8,0.0
115,Anthony Edwards,SG,MIN,79,79,36.0,8.9,19.5,0.459,2.7,7.3,0.369,6.3,12.2,0.513,0.528,4.0,5.3,0.756,0.6,5.2,5.8,4.4,1.6,0.7,3.3,2.4,24.6,2842,17.4,0.564,0.375,0.274,1.9,15.9,9.0,19.3,2.1,1.8,13.0,29.9,0.2,3.6,3.8,0.064,1.0,0.0,1.0,2.1
116,Robert Williams,C,BOS,35,20,23.5,3.6,4.9,0.747,0.0,0.0,0.0,3.6,4.8,0.751,0.747,0.7,1.2,0.61,3.0,5.4,8.3,1.4,0.6,1.4,1.0,1.9,8.0,824,19.8,0.742,0.006,0.241,14.0,24.5,19.3,8.5,1.3,5.0,15.3,11.8,2.3,1.6,3.8,0.224,1.0,2.4,3.3,1.1
118,Mo Bamba,C,LAL/ORL,49,7,15.7,2.4,4.9,0.485,1.0,2.5,0.387,1.4,2.4,0.59,0.585,0.8,1.3,0.661,1.2,3.4,4.6,0.9,0.3,0.9,0.6,2.1,6.6,769,15.7,0.602,0.515,0.257,8.5,24.2,16.4,8.7,0.8,5.3,10.1,16.6,1.1,1.1,2.2,0.139,-0.2,0.7,0.5,0.5
119,Talen Horton-Tucker,SG,UTA,65,20,20.2,4.0,9.4,0.419,0.9,3.1,0.286,3.1,6.3,0.485,0.467,1.9,2.6,0.75,0.6,2.6,3.2,3.8,0.6,0.4,1.9,1.7,10.7,1313,13.7,0.508,0.331,0.274,3.4,13.7,8.6,27.4,1.5,1.9,15.5,25.9,-0.3,1.1,0.8,0.029,-1.1,-0.5,-1.6,0.2
121,Ivica Zubac,C,LAC,76,76,28.6,4.3,6.8,0.634,0.0,0.0,0.0,4.3,6.7,0.637,0.634,2.2,3.1,0.697,3.1,6.8,9.9,1.0,0.4,1.3,1.5,2.9,10.8,2170,16.7,0.661,0.004,0.463,12.3,26.5,19.5,5.1,0.7,4.0,15.9,14.8,3.8,2.9,6.7,0.149,-1.1,0.2,-0.9,0.6
122,Reggie Bullock,SF,DAL,78,55,30.3,2.5,6.0,0.409,1.9,5.1,0.38,0.5,0.9,0.562,0.569,0.3,0.5,0.703,0.4,3.2,3.6,1.4,0.7,0.2,0.5,2.1,7.2,2364,7.7,0.577,0.845,0.079,1.6,12.5,7.0,6.2,1.1,0.5,6.9,10.0,1.3,1.4,2.8,0.056,-2.3,-0.3,-2.6,-0.4
123,Alec Burks,SG,DET,51,8,22.0,3.9,9.0,0.436,1.9,4.7,0.414,2.0,4.3,0.459,0.544,3.0,3.7,0.814,0.4,2.7,3.1,2.2,0.7,0.2,1.1,1.9,12.8,1122,16.5,0.602,0.521,0.41,1.8,14.2,7.8,15.9,1.6,0.6,9.7,22.8,1.9,0.6,2.5,0.109,1.8,-0.5,1.2,0.9
124,De'Andre Hunter,SF,ATL,67,67,31.7,5.7,12.3,0.461,1.5,4.3,0.35,4.2,8.0,0.521,0.522,2.6,3.1,0.826,0.7,3.6,4.2,1.4,0.5,0.3,1.2,3.0,15.4,2126,11.5,0.563,0.348,0.252,2.3,12.4,7.3,6.0,0.8,0.7,8.2,19.7,1.4,1.2,2.5,0.057,-1.9,-1.4,-3.3,-0.7
125,James Wiseman,C,GSW/DET,45,22,19.3,4.2,7.5,0.558,0.1,0.4,0.2,4.1,7.1,0.58,0.563,1.5,2.2,0.701,1.6,4.3,5.9,0.7,0.2,0.6,1.1,2.4,10.0,867,15.6,0.589,0.059,0.286,9.2,25.2,17.0,5.5,0.4,2.7,11.8,21.2,0.7,0.7,1.4,0.077,-2.1,-1.4,-3.5,-0.3
126,Landry Shamet,SG,PHO,40,9,20.2,2.8,7.5,0.377,1.9,5.0,0.377,1.0,2.5,0.376,0.502,1.1,1.3,0.882,0.3,1.4,1.7,2.3,0.7,0.1,0.9,1.5,8.7,807,10.9,0.537,0.663,0.17,1.5,7.9,4.6,15.7,1.6,0.6,10.0,18.9,0.5,0.7,1.2,0.071,-1.1,-0.3,-1.4,0.1
127,Malik Monk,SG,SAC,77,0,22.3,4.6,10.3,0.448,1.9,5.2,0.359,2.8,5.2,0.538,0.538,2.4,2.7,0.889,0.4,2.2,2.6,3.9,0.6,0.3,1.9,1.6,13.5,1719,16.6,0.587,0.5,0.26,2.1,11.3,6.7,25.0,1.4,1.0,14.1,25.8,2.1,1.2,3.2,0.091,1.6,-1.4,0.3,1.0
128,Jalen Green,SG,HOU,76,76,34.2,7.4,17.9,0.416,2.5,7.3,0.338,5.0,10.6,0.471,0.485,4.8,6.1,0.786,0.6,3.2,3.7,3.7,0.8,0.2,2.6,1.7,22.1,2602,14.5,0.538,0.408,0.341,1.8,10.3,6.0,17.3,1.1,0.7,11.3,28.1,1.4,0.5,1.8,0.034,0.5,-2.6,-2.1,0.0
129,Jakob Poeltl,C,SAS/TOR,72,71,26.5,5.4,8.6,0.629,0.0,0.0,0.0,5.4,8.6,0.63,0.629,1.7,2.8,0.592,3.3,5.8,9.1,2.7,0.9,1.2,1.7,2.7,12.5,1906,21.0,0.635,0.002,0.325,13.0,25.5,19.0,15.2,1.7,4.0,15.0,18.2,3.7,2.2,6.0,0.15,1.1,0.8,1.9,1.9
131,Royce O'Neale,SF,BRK,76,53,31.7,3.0,7.8,0.386,2.1,5.5,0.389,0.9,2.3,0.379,0.524,0.7,0.9,0.725,0.7,4.3,5.1,3.7,0.9,0.6,1.5,3.1,8.8,2409,9.2,0.538,0.707,0.116,2.6,15.0,9.0,15.3,1.3,1.7,15.5,13.6,0.4,2.5,2.9,0.057,-1.7,0.6,-1.1,0.5
132,Monte Morris,PG,WAS,62,61,27.3,4.0,8.3,0.48,1.3,3.3,0.382,2.7,5.0,0.543,0.555,1.0,1.2,0.831,0.4,3.0,3.4,5.3,0.7,0.2,1.0,1.2,10.3,1695,15.0,0.579,0.396,0.15,1.8,11.6,6.9,26.4,1.2,0.6,9.9,15.6,3.1,1.1,4.2,0.12,0.8,-0.4,0.5,1.1
133,Mason Plumlee,C,LAC/CHO,79,60,26.0,4.2,6.1,0.68,0.0,0.0,0.0,4.2,6.1,0.68,0.68,2.5,4.0,0.636,2.9,6.0,8.9,3.1,0.6,0.6,1.5,2.7,10.8,2054,19.6,0.689,0.0,0.647,11.8,25.1,18.4,17.3,1.1,2.0,15.8,15.2,5.5,2.4,7.9,0.185,1.2,1.0,2.2,2.2
134,Alex Caruso,PG,CHI,67,36,23.5,1.9,4.3,0.455,0.8,2.3,0.364,1.1,2.0,0.556,0.551,0.9,1.1,0.808,0.6,2.3,2.9,2.9,1.5,0.7,1.1,2.4,5.6,1575,11.5,0.588,0.528,0.255,3.1,10.9,7.1,15.4,3.0,2.8,19.5,11.1,1.0,2.6,3.6,0.109,-2.2,3.3,1.1,1.2
135,Maxi Kleber,PF,DAL,37,5,25.1,2.1,4.6,0.456,1.1,3.0,0.348,1.0,1.5,0.667,0.571,0.7,1.0,0.711,0.8,2.8,3.6,1.4,0.3,0.8,0.7,2.3,5.9,930,8.7,0.592,0.663,0.225,3.7,13.3,8.4,7.5,0.6,2.9,12.7,10.3,0.7,0.6,1.3,0.067,-2.2,0.0,-2.2,0.0
136,Grayson Allen,SG,MIL,72,70,27.4,3.4,7.7,0.44,2.0,5.1,0.399,1.4,2.7,0.518,0.571,1.6,1.8,0.905,0.8,2.4,3.3,2.3,0.9,0.2,1.0,1.6,10.4,1972,12.3,0.612,0.657,0.226,3.4,9.0,6.3,10.9,1.5,0.6,10.5,14.6,2.8,2.2,5.1,0.123,-0.6,0.7,0.1,1.0
137,Darius Garland,PG,CLE,69,69,35.5,7.6,16.4,0.462,2.4,6.0,0.41,5.1,10.4,0.492,0.537,4.0,4.7,0.863,0.4,2.3,2.7,7.8,1.2,0.1,2.9,2.1,21.6,2447,18.8,0.587,0.365,0.284,1.3,7.6,4.5,34.1,1.7,0.3,13.5,26.9,4.5,3.0,7.6,0.148,3.2,-0.7,2.4,2.7
138,Isaiah Hartenstein,C,NYK,82,8,19.8,2.1,4.0,0.535,0.1,0.5,0.216,2.0,3.5,0.576,0.547,0.6,0.9,0.676,2.5,4.0,6.5,1.2,0.6,0.8,0.8,2.6,5.0,1626,14.2,0.567,0.113,0.217,14.1,22.2,18.1,8.3,1.6,3.7,15.6,11.2,2.2,2.4,4.6,0.136,-1.5,1.2,-0.3,0.7
139,Kyle Anderson,PF,MIN,69,46,28.4,3.7,7.2,0.509,0.6,1.5,0.41,3.0,5.7,0.536,0.553,1.4,2.0,0.735,1.0,4.4,5.3,4.9,1.1,0.9,1.5,2.1,9.4,1957,14.8,0.583,0.212,0.275,3.8,16.9,10.5,22.6,1.9,2.8,15.7,14.4,2.5,2.6,5.1,0.125,0.2,2.3,2.5,2.2
140,Victor Oladipo,SG,MIA,42,2,26.3,3.8,9.6,0.397,1.7,5.0,0.33,2.1,4.5,0.471,0.484,1.4,1.9,0.747,0.4,2.7,3.0,3.5,1.4,0.3,2.1,2.4,10.7,1106,10.6,0.513,0.526,0.196,1.6,12.3,6.8,19.8,2.6,1.1,16.6,21.1,-0.9,1.5,0.6,0.024,-2.9,0.8,-2.1,0.0
142,LaMelo Ball,PG,CHO,36,36,35.2,8.2,20.0,0.411,4.0,10.6,0.376,4.2,9.4,0.45,0.51,2.8,3.4,0.836,1.2,5.3,6.4,8.4,1.3,0.3,3.6,3.3,23.3,1268,17.9,0.541,0.531,0.169,3.5,16.2,9.7,38.7,1.7,0.8,14.3,30.0,0.6,1.2,1.8,0.068,3.2,-0.8,2.4,1.4
143,Seth Curry,SG,BRK,61,7,19.9,3.4,7.4,0.463,1.5,3.8,0.405,1.9,3.6,0.525,0.568,0.8,0.9,0.927,0.2,1.4,1.6,1.6,0.6,0.1,0.8,1.6,9.2,1211,12.3,0.593,0.517,0.122,1.2,7.9,4.6,11.9,1.5,0.5,9.7,19.2,0.9,0.9,1.8,0.07,-1.2,-0.9,-2.1,0.0
144,Evan Mobley,PF,CLE,79,79,34.4,6.6,12.0,0.554,0.3,1.3,0.216,6.4,10.7,0.595,0.566,2.6,3.8,0.674,2.4,6.6,9.0,2.8,0.8,1.5,1.8,2.8,16.2,2715,17.9,0.591,0.108,0.321,8.1,22.7,15.4,12.4,1.1,4.0,11.9,20.2,3.7,4.8,8.5,0.151,0.0,1.6,1.7,2.5
146,Dewayne Dedmon,C,PHI/MIA,38,1,11.2,2.0,4.0,0.51,0.3,1.0,0.308,1.7,2.9,0.58,0.55,0.9,1.3,0.673,0.9,2.6,3.5,0.7,0.2,0.5,0.7,2.0,5.2,426,15.5,0.577,0.258,0.325,9.1,28.3,18.5,9.5,1.1,4.4,12.7,20.6,0.3,0.7,1.0,0.115,-2.6,1.0,-1.6,0.0
147,De'Anthony Melton,SG,PHI,77,58,27.9,3.6,8.5,0.425,2.0,5.2,0.39,1.6,3.2,0.484,0.546,0.9,1.1,0.793,0.9,3.2,4.1,2.6,1.6,0.5,1.3,2.5,10.1,2150,12.7,0.566,0.619,0.134,3.9,13.1,8.6,12.9,2.9,1.8,12.9,16.4,1.1,3.1,4.2,0.095,-0.7,1.6,0.9,1.6
148,JaMychal Green,PF,GSW,57,1,14.0,2.4,4.4,0.54,0.7,1.9,0.378,1.6,2.5,0.667,0.623,0.9,1.2,0.776,1.3,2.3,3.6,0.9,0.4,0.4,0.9,1.8,6.4,797,15.5,0.65,0.44,0.266,10.1,18.0,14.1,8.9,1.5,2.5,15.6,17.5,1.2,1.0,2.2,0.133,-0.7,0.2,-0.5,0.3
149,Keegan Murray,SF,SAC,80,78,29.8,4.4,9.8,0.453,2.6,6.3,0.411,1.9,3.5,0.527,0.584,0.8,1.0,0.765,1.1,3.5,4.6,1.2,0.8,0.5,0.8,2.0,12.2,2382,12.3,0.597,0.641,0.104,4.3,13.4,8.9,5.5,1.2,1.5,6.8,15.8,2.6,1.7,4.3,0.087,0.4,-1.0,-0.6,0.8
150,Kevon Looney,C,GSW,82,70,23.9,3.0,4.7,0.63,0.0,0.0,0.0,3.0,4.7,0.632,0.63,1.1,1.9,0.606,3.3,5.9,9.3,2.5,0.6,0.6,0.5,2.7,7.0,1958,17.8,0.639,0.003,0.404,15.7,26.8,21.4,13.8,1.3,2.2,9.1,10.6,5.9,2.8,8.7,0.212,0.9,1.3,2.1,2.0
151,Thaddeus Young,PF,TOR,54,9,14.7,2.0,3.7,0.545,0.1,0.6,0.176,1.9,3.0,0.622,0.561,0.3,0.5,0.692,1.3,1.8,3.1,1.4,1.0,0.1,0.8,1.6,4.4,795,14.1,0.573,0.172,0.131,9.4,14.6,11.8,12.9,3.4,0.6,16.7,13.5,0.7,1.1,1.8,0.109,-1.8,1.9,0.1,0.4
152,Delon Wright,PG,WAS,50,14,24.4,2.8,5.8,0.474,0.8,2.4,0.345,1.9,3.4,0.564,0.545,1.0,1.2,0.867,1.2,2.4,3.6,3.9,1.8,0.3,0.9,1.2,7.4,1221,16.3,0.581,0.409,0.206,5.5,10.7,8.2,20.9,3.7,1.2,12.2,12.9,2.1,1.6,3.7,0.146,0.4,3.1,3.4,1.7
153,Patrick Williams,PF,CHI,82,65,28.3,3.8,8.3,0.464,1.4,3.4,0.415,2.4,4.9,0.498,0.549,1.1,1.3,0.857,1.0,3.0,4.0,1.2,0.9,0.9,1.2,1.8,10.2,2323,11.2,0.576,0.409,0.155,3.9,12.0,8.0,5.8,1.5,2.9,12.3,15.7,0.5,3.0,3.5,0.072,-1.7,0.4,-1.3,0.4
154,Scottie Barnes,SF,TOR,77,76,34.8,6.0,13.2,0.456,0.8,2.9,0.281,5.2,10.3,0.505,0.487,2.5,3.2,0.772,2.3,4.3,6.6,4.8,1.1,0.8,2.0,2.2,15.3,2678,15.5,0.524,0.22,0.242,7.1,15.2,10.8,20.0,1.5,2.2,12.0,20.3,2.3,2.7,5.0,0.09,0.5,-0.1,0.4,1.6
155,Cedi Osman,SF,CLE,77,2,20.1,3.1,6.9,0.451,1.5,4.1,0.372,1.6,2.8,0.564,0.56,1.0,1.4,0.694,0.3,2.0,2.3,1.5,0.5,0.1,0.7,1.6,8.7,1548,12.0,0.579,0.589,0.204,1.9,11.5,6.7,10.6,1.1,0.7,8.3,18.2,1.4,1.9,3.3,0.103,-0.8,0.2,-0.7,0.5
156,Coby White,SG,CHI,74,2,23.4,3.6,8.0,0.443,1.7,4.6,0.372,1.8,3.4,0.54,0.551,0.8,0.9,0.871,0.2,2.6,2.9,2.8,0.7,0.1,1.0,1.6,9.7,1730,12.5,0.572,0.579,0.118,1.1,12.6,6.9,16.3,1.5,0.3,10.6,17.9,1.2,1.9,3.1,0.087,-1.0,0.2,-0.8,0.5
157,Zach Collins,C,SAS,63,26,22.9,4.5,8.7,0.518,0.9,2.3,0.374,3.6,6.4,0.571,0.568,1.7,2.3,0.761,1.8,4.5,6.4,2.9,0.6,0.8,2.0,3.2,11.6,1441,16.4,0.599,0.268,0.259,8.5,22.5,15.2,18.0,1.2,2.8,17.4,21.2,1.2,1.0,2.2,0.074,-0.5,0.3,-0.2,0.6
158,Jaden Ivey,SG,DET,74,73,31.1,5.5,13.3,0.416,1.6,4.7,0.343,3.9,8.6,0.457,0.477,3.6,4.8,0.747,1.0,2.9,3.9,5.2,0.8,0.2,3.2,3.3,16.3,2304,12.1,0.528,0.356,0.362,3.4,10.7,6.9,26.2,1.3,0.7,17.2,25.4,-0.9,0.8,0.0,-0.001,-1.4,-1.9,-3.3,-0.7
159,Taurean Prince,PF,MIN,54,4,22.1,3.3,7.0,0.467,1.4,3.6,0.381,1.9,3.4,0.557,0.565,1.2,1.4,0.844,0.3,2.2,2.4,1.6,0.5,0.3,1.3,2.3,9.1,1192,10.0,0.597,0.512,0.203,1.4,10.8,6.2,9.6,1.1,1.1,14.3,17.3,0.3,1.0,1.3,0.052,-2.6,-0.6,-3.3,-0.4
160,Jae'Sean Tate,SF,HOU,31,7,21.8,3.5,7.4,0.48,0.4,1.5,0.283,3.1,5.9,0.53,0.509,1.6,2.2,0.725,1.3,2.5,3.8,2.7,0.7,0.2,1.5,3.4,9.1,677,12.2,0.546,0.201,0.301,6.6,12.6,9.6,18.2,1.5,1.0,15.3,18.8,0.4,0.3,0.7,0.049,-2.8,-0.7,-3.5,-0.3
161,Isaac Okoro,SF,CLE,76,46,21.7,2.3,4.7,0.494,0.8,2.3,0.363,1.5,2.4,0.617,0.582,1.0,1.4,0.757,0.7,1.8,2.5,1.1,0.7,0.4,0.6,2.1,6.4,1652,10.7,0.614,0.483,0.291,3.7,9.6,6.7,7.0,1.7,1.7,9.5,11.9,1.9,2.3,4.2,0.122,-1.9,1.6,-0.3,0.7
163,Jalen Suggs,SG,ORL,53,19,23.5,3.5,8.4,0.419,1.2,3.8,0.327,2.3,4.6,0.496,0.493,1.6,2.2,0.723,1.0,2.0,3.0,2.9,1.3,0.5,1.8,2.3,9.9,1246,12.5,0.528,0.455,0.268,5.0,9.6,7.3,18.0,2.6,2.1,15.9,20.3,-0.2,1.5,1.4,0.053,-1.8,0.8,-1.0,0.3
164,Jaxson Hayes,C,NOP,47,2,13.0,1.8,3.3,0.551,0.1,0.6,0.103,1.8,2.7,0.654,0.561,1.2,1.8,0.699,0.8,2.0,2.8,0.7,0.4,0.4,0.7,1.4,5.0,610,13.7,0.605,0.186,0.532,7.3,17.3,12.3,7.7,1.6,3.0,13.9,15.7,0.6,0.9,1.5,0.118,-2.2,1.0,-1.2,0.1
166,Bennedict Mathurin,SG,IND,78,17,28.5,5.3,12.2,0.434,1.3,4.0,0.323,4.0,8.2,0.488,0.487,4.8,5.8,0.828,1.1,3.0,4.1,1.5,0.6,0.2,1.9,2.1,16.7,2222,13.1,0.566,0.326,0.477,4.4,11.5,7.9,7.6,1.0,0.5,11.7,24.6,1.0,0.8,1.8,0.038,-1.2,-2.5,-3.7,-1.0
167,Bruce Brown,SF,DEN,80,31,28.5,4.5,9.3,0.483,1.1,3.2,0.358,3.3,6.1,0.548,0.545,1.5,1.9,0.758,0.8,3.3,4.1,3.4,1.1,0.6,1.5,2.4,11.5,2280,13.3,0.571,0.343,0.206,3.3,13.0,8.3,15.7,1.9,2.0,13.2,17.8,1.7,2.6,4.3,0.09,-1.1,0.6,-0.5,0.9
168,Caleb Martin,SF,MIA,71,49,29.3,3.6,7.7,0.464,1.2,3.3,0.356,2.4,4.4,0.545,0.54,1.3,1.6,0.805,1.2,3.6,4.8,1.6,1.0,0.4,1.1,2.0,9.6,2077,11.4,0.571,0.431,0.206,4.8,15.0,9.7,8.2,1.7,1.5,11.5,14.4,1.2,2.5,3.7,0.086,-1.8,0.5,-1.2,0.4
169,Joe Ingles,SF,MIL,46,0,22.7,2.3,5.4,0.435,1.8,4.4,0.409,0.5,1.0,0.556,0.603,0.4,0.5,0.857,0.3,2.5,2.8,3.3,0.7,0.1,1.2,1.6,6.9,1044,10.7,0.616,0.819,0.085,1.4,11.1,6.4,18.4,1.5,0.5,17.6,12.6,1.1,1.2,2.3,0.107,-1.6,0.8,-0.7,0.3
170,Onyeka Okongwu,C,ATL,80,18,23.1,4.0,6.2,0.638,0.1,0.2,0.308,3.9,6.1,0.647,0.642,1.9,2.5,0.781,2.7,4.5,7.2,1.0,0.7,1.3,1.0,3.1,9.9,1849,19.4,0.678,0.026,0.394,12.7,21.5,17.0,5.8,1.4,4.9,12.2,15.1,4.7,2.4,7.1,0.185,0.0,0.8,0.8,1.3
171,Josh Giddey,PF,OKC,76,76,31.1,7.1,14.7,0.482,1.0,3.1,0.325,6.1,11.6,0.524,0.516,1.4,1.9,0.731,1.9,5.9,7.9,6.2,0.8,0.4,2.8,1.9,16.6,2367,17.1,0.533,0.209,0.13,6.6,20.9,13.6,29.9,1.1,1.2,15.1,24.6,1.3,2.7,4.0,0.081,1.5,-0.3,1.2,1.9
172,Rui Hachimura,PF,LAL/WAS,63,9,23.3,4.5,9.3,0.486,0.8,2.5,0.319,3.7,6.7,0.55,0.53,1.4,1.9,0.739,0.8,3.7,4.5,0.9,0.3,0.4,0.8,1.1,11.2,1466,13.2,0.556,0.274,0.204,4.1,16.5,10.5,5.8,0.6,1.5,7.7,20.2,0.6,1.3,1.8,0.06,-1.3,-1.0,-2.2,-0.1
173,Rudy Gay,PF,UTA,56,0,14.6,1.9,5.1,0.38,0.6,2.3,0.254,1.4,2.8,0.484,0.437,0.8,0.9,0.857,0.6,2.3,2.9,1.0,0.3,0.3,0.7,1.2,5.2,816,9.0,0.475,0.453,0.171,4.4,17.0,10.8,9.4,1.1,1.9,10.7,17.7,-0.4,0.7,0.3,0.018,-3.6,-0.4,-4.0,-0.4
174,Jevon Carter,PG,MIL,81,39,22.3,3.0,7.0,0.423,1.8,4.2,0.421,1.2,2.8,0.425,0.549,0.4,0.5,0.816,0.4,2.1,2.5,2.4,0.8,0.4,1.0,2.0,8.0,1810,10.9,0.56,0.596,0.067,2.1,9.3,5.8,14.5,1.7,1.3,11.8,15.3,1.2,2.3,3.5,0.092,-1.9,1.2,-0.6,0.6
175,Shaedon Sharpe,SG,POR,80,15,22.2,3.8,8.1,0.472,1.3,3.5,0.36,2.6,4.6,0.559,0.551,0.9,1.3,0.714,0.8,2.2,3.0,1.2,0.5,0.3,1.0,1.7,9.9,1779,11.5,0.568,0.437,0.162,4.0,11.3,7.6,7.9,1.0,1.2,10.7,19.0,0.6,0.6,1.2,0.032,-1.3,-2.0,-3.3,-0.6
176,Cameron Payne,PG,PHO,48,15,20.2,3.9,9.4,0.415,1.4,3.9,0.368,2.5,5.6,0.448,0.49,1.0,1.3,0.766,0.3,2.0,2.2,4.5,0.7,0.2,1.7,1.8,10.3,968,13.2,0.512,0.408,0.141,1.3,11.0,6.1,32.6,1.7,0.7,14.4,24.8,0.0,1.0,1.1,0.053,-0.5,-0.7,-1.2,0.2
177,Justin Holiday,SF,DAL/ATL,46,2,15.3,1.7,4.4,0.377,1.0,3.1,0.322,0.7,1.3,0.508,0.49,0.1,0.2,0.625,0.1,1.1,1.2,0.9,0.4,0.4,0.5,1.5,4.5,706,6.6,0.494,0.701,0.039,0.8,8.1,4.4,7.5,1.3,2.3,9.6,14.1,-0.4,0.5,0.1,0.008,-3.7,-0.1,-3.9,-0.3
178,Cam Reddish,SF,NYK/POR,40,20,24.8,3.5,7.8,0.446,1.1,3.6,0.313,2.4,4.2,0.56,0.518,1.6,1.9,0.853,0.5,1.8,2.2,1.4,1.0,0.4,1.2,1.8,9.7,990,10.6,0.561,0.462,0.24,2.0,8.1,5.0,8.1,1.9,1.3,12.0,17.1,0.3,0.7,0.9,0.046,-2.6,-0.8,-3.4,-0.4
179,Cameron Johnson,PF,BRK/PHO,42,41,28.5,5.3,11.3,0.47,2.5,6.1,0.404,2.9,5.2,0.548,0.579,2.4,2.9,0.842,0.8,3.6,4.4,1.9,1.2,0.3,0.9,2.0,15.5,1199,17.1,0.617,0.538,0.253,3.2,14.0,8.6,9.6,2.0,1.0,6.6,20.6,2.1,1.4,3.5,0.142,2.0,0.6,2.6,1.4
180,Ricky Rubio,PG,CLE,33,2,17.2,1.8,5.4,0.343,0.6,2.5,0.256,1.2,2.9,0.417,0.402,0.8,1.1,0.8,0.3,1.8,2.1,3.5,0.8,0.2,0.9,1.5,5.2,566,10.4,0.442,0.461,0.197,1.9,12.7,7.3,27.1,2.3,1.0,13.8,17.7,-0.2,0.9,0.7,0.062,-3.8,1.1,-2.8,-0.1
181,Killian Hayes,PG,DET,76,56,28.3,4.0,10.7,0.377,1.1,3.8,0.28,3.0,7.0,0.429,0.426,1.2,1.5,0.821,0.4,2.5,2.9,6.2,1.4,0.4,2.3,2.9,10.3,2154,10.2,0.455,0.351,0.137,1.4,10.2,5.7,32.3,2.3,1.1,16.7,20.5,-1.9,1.4,-0.5,-0.012,-3.3,-0.5,-3.8,-1.0
182,Jonathan Kuminga,PF,GSW,67,16,20.8,3.9,7.4,0.525,0.8,2.2,0.37,3.1,5.2,0.59,0.579,1.3,2.1,0.652,1.0,2.4,3.4,1.9,0.6,0.5,1.4,2.3,9.9,1394,13.3,0.597,0.294,0.278,5.6,12.5,9.1,12.7,1.4,2.0,14.6,19.6,1.0,1.4,2.4,0.084,-1.7,-0.1,-1.7,0.1
183,Pat Connaughton,SF,MIL,61,33,23.7,2.7,6.9,0.392,1.8,5.3,0.339,0.9,1.6,0.566,0.521,0.4,0.7,0.659,0.8,3.8,4.6,1.3,0.6,0.2,0.5,1.1,7.6,1443,10.0,0.531,0.765,0.097,3.8,16.2,10.2,6.9,1.2,0.6,7.0,13.8,0.7,1.8,2.5,0.085,-1.3,0.3,-1.0,0.3
184,Tyler Herro,SG,MIA,67,67,34.9,7.3,16.6,0.439,3.0,8.0,0.378,4.2,8.5,0.497,0.531,2.5,2.7,0.934,0.4,5.0,5.4,4.2,0.8,0.2,2.4,1.5,20.1,2337,15.3,0.566,0.484,0.164,1.3,17.3,9.0,19.9,1.1,0.7,11.7,25.6,1.1,2.4,3.5,0.072,1.5,-0.8,0.6,1.6
185,Romeo Langford,SG,SAS,43,21,19.6,2.8,6.0,0.467,0.4,1.4,0.262,2.4,4.6,0.53,0.498,0.9,1.3,0.696,1.3,1.3,2.7,1.2,0.6,0.3,0.7,1.6,6.9,844,10.4,0.524,0.236,0.216,7.1,7.7,7.4,7.9,1.3,1.3,9.6,15.4,0.3,0.2,0.5,0.029,-2.6,-1.5,-4.2,-0.5
186,Dyson Daniels,PG,NOP,59,11,17.7,1.5,3.5,0.418,0.5,1.5,0.314,1.0,2.1,0.492,0.483,0.4,0.7,0.65,0.6,2.6,3.2,2.3,0.7,0.2,1.0,1.7,3.8,1042,8.8,0.503,0.413,0.192,3.9,16.5,10.2,16.4,2.0,1.0,20.2,11.6,-0.1,1.4,1.3,0.061,-3.4,1.6,-1.8,0.0
187,JaVale McGee,C,DAL,42,7,8.5,1.9,3.0,0.64,0.0,0.1,0.4,1.9,2.9,0.65,0.648,0.6,1.0,0.585,0.7,1.8,2.5,0.3,0.1,0.6,0.9,1.3,4.4,355,17.2,0.65,0.04,0.328,9.7,25.5,17.5,5.2,0.6,6.5,20.1,22.8,0.1,0.5,0.6,0.076,-3.6,-0.1,-3.7,-0.1
188,Goga Bitadze,C,ORL/IND,38,1,12.0,1.8,3.3,0.552,0.2,0.7,0.231,1.7,2.6,0.636,0.576,0.6,1.1,0.548,1.6,2.0,3.6,1.0,0.4,0.7,0.6,1.7,4.4,457,17.1,0.582,0.208,0.336,15.0,18.7,16.8,12.1,1.7,5.3,13.3,15.4,0.8,0.6,1.3,0.141,-0.8,1.1,0.3,0.3
189,Obi Toppin,PF,NYK,67,5,15.7,2.8,6.3,0.446,1.3,3.7,0.344,1.5,2.6,0.593,0.548,0.6,0.7,0.809,0.4,2.4,2.8,1.0,0.3,0.2,0.6,1.0,7.4,1050,13.6,0.565,0.589,0.112,3.0,16.6,9.8,9.2,1.1,1.1,8.0,19.5,1.1,1.0,2.1,0.095,0.3,-0.8,-0.5,0.4
190,Franz Wagner,SF,ORL,80,80,32.6,6.8,14.0,0.485,1.6,4.5,0.361,5.2,9.5,0.544,0.543,3.4,4.0,0.842,0.9,3.2,4.1,3.5,1.0,0.2,2.1,2.3,18.6,2609,15.9,0.589,0.322,0.288,3.0,11.2,7.1,17.2,1.4,0.6,11.7,23.5,3.1,2.3,5.4,0.099,0.4,-0.5,-0.1,1.3
191,Kendrick Nunn,SG,LAL/WAS,70,2,13.8,2.7,6.4,0.424,1.1,3.2,0.354,1.6,3.2,0.493,0.512,0.5,0.6,0.854,0.2,1.3,1.6,1.3,0.4,0.1,0.9,0.9,7.1,964,11.1,0.53,0.496,0.091,1.8,10.3,6.2,13.8,1.4,0.6,12.4,23.7,-0.6,0.8,0.2,0.008,-2.0,-1.5,-3.5,-0.4
192,Hamidou Diallo,SF,DET,56,0,17.8,3.8,6.7,0.573,0.1,0.4,0.238,3.8,6.3,0.593,0.58,1.6,2.6,0.588,1.0,2.4,3.5,1.0,0.9,0.3,1.3,2.2,9.3,996,15.7,0.593,0.056,0.395,6.2,15.7,10.8,9.2,2.6,1.4,13.9,21.8,0.4,0.9,1.3,0.063,-1.8,0.4,-1.4,0.1
193,Cory Joseph,PG,DET,62,2,19.8,2.4,5.7,0.427,1.1,2.9,0.389,1.3,2.8,0.468,0.527,0.9,1.2,0.792,0.3,1.4,1.7,3.5,0.5,0.1,0.9,1.4,6.9,1227,12.1,0.558,0.513,0.205,1.8,7.9,4.8,25.4,1.3,0.6,12.8,15.2,1.5,0.3,1.8,0.07,-0.7,-0.8,-1.5,0.2
194,Garrett Temple,SG,NOP,25,0,6.5,0.7,1.8,0.4,0.4,1.0,0.423,0.3,0.8,0.368,0.522,0.1,0.2,0.75,0.2,0.5,0.7,0.5,0.4,0.1,0.2,0.6,2.0,162,10.5,0.535,0.578,0.089,3.5,8.4,5.9,10.6,2.7,1.2,7.9,13.4,0.1,0.2,0.3,0.094,-2.5,1.6,-1.0,0.0
195,Torrey Craig,PF,PHO,79,60,24.7,2.9,6.3,0.456,1.3,3.2,0.395,1.6,3.1,0.518,0.556,0.4,0.6,0.711,1.8,3.6,5.4,1.5,0.6,0.8,0.9,2.3,7.4,1948,11.6,0.566,0.506,0.09,8.1,16.3,12.1,7.9,1.3,2.9,12.3,13.0,1.5,2.5,4.0,0.098,-1.3,0.7,-0.6,0.7
196,Jeremy Sochan,PF,SAS,56,53,26.0,4.5,9.9,0.453,0.6,2.4,0.246,3.9,7.5,0.519,0.483,1.4,2.1,0.698,1.7,3.6,5.3,2.5,0.8,0.4,1.7,2.5,11.0,1458,11.4,0.509,0.243,0.21,6.9,15.6,11.0,13.6,1.4,1.3,13.9,19.8,-0.5,0.7,0.2,0.005,-2.8,-1.2,-4.0,-0.7
197,Nickeil Alexander-Walker,SG,MIN/UTA,59,3,15.0,2.2,5.0,0.444,1.0,2.7,0.384,1.2,2.3,0.515,0.547,0.7,1.0,0.667,0.3,1.5,1.7,1.8,0.5,0.4,0.9,1.5,6.2,884,11.6,0.565,0.539,0.203,1.9,10.5,6.3,16.7,1.7,2.0,14.6,17.9,0.3,0.8,1.1,0.062,-1.4,0.4,-0.9,0.2
198,Furkan Korkmaz,SG,PHI,37,0,9.5,1.3,3.0,0.432,0.5,1.2,0.391,0.8,1.8,0.462,0.514,0.7,1.0,0.722,0.2,1.0,1.1,0.6,0.3,0.1,0.6,0.5,3.8,353,9.3,0.552,0.414,0.324,2.0,11.8,7.0,8.8,1.4,0.8,15.9,19.1,-0.2,0.3,0.1,0.019,-3.3,-1.0,-4.4,-0.2
199,Deni Avdija,SF,WAS,76,40,26.6,3.3,7.6,0.437,0.9,3.1,0.297,2.4,4.6,0.53,0.497,1.6,2.2,0.739,1.0,5.4,6.4,2.8,0.9,0.4,1.6,2.8,9.2,2020,11.2,0.535,0.401,0.285,4.2,21.9,13.4,13.9,1.6,1.2,15.9,16.7,0.0,2.3,2.3,0.054,-2.8,0.5,-2.3,-0.1
200,Davion Mitchell,PG,SAC,80,9,18.1,2.3,5.0,0.454,0.8,2.5,0.32,1.5,2.5,0.584,0.533,0.3,0.4,0.806,0.2,1.1,1.3,2.3,0.6,0.2,0.8,1.4,5.6,1447,9.4,0.545,0.494,0.078,1.3,7.0,4.1,16.5,1.5,0.9,13.1,14.1,0.7,0.8,1.5,0.05,-2.4,-0.4,-2.8,-0.3
201,Johnny Davis,SG,WAS,28,5,15.1,2.4,6.1,0.386,0.6,2.5,0.243,1.8,3.6,0.485,0.436,0.5,1.0,0.519,0.4,2.0,2.3,1.0,0.4,0.3,0.6,1.7,5.8,423,7.2,0.446,0.409,0.158,2.7,13.9,8.5,9.2,1.2,1.6,8.5,20.5,-0.6,0.3,-0.3,-0.033,-5.8,-1.7,-7.4,-0.6
202,Ty Jerome,SG,GSW,45,2,18.1,2.6,5.4,0.488,0.8,2.0,0.389,1.8,3.4,0.546,0.56,0.8,0.9,0.927,0.2,1.6,1.7,3.0,0.5,0.1,0.7,1.4,6.9,816,12.8,0.594,0.372,0.169,1.0,9.4,5.3,22.1,1.3,0.5,10.3,14.9,1.4,0.7,2.1,0.124,-1.1,0.3,-0.8,0.3
203,Jalen Smith,C,IND,68,31,18.8,3.6,7.5,0.476,0.8,2.8,0.283,2.8,4.7,0.593,0.53,1.5,2.0,0.759,1.9,3.9,5.8,1.0,0.3,0.9,1.1,2.3,9.4,1279,15.9,0.565,0.376,0.27,11.2,22.9,17.1,7.6,0.8,4.0,11.2,21.0,1.1,1.1,2.3,0.085,-0.9,-1.1,-2.1,0.0
204,Ziaire Williams,SF,MEM,37,4,15.2,2.3,5.3,0.429,0.7,2.6,0.258,1.6,2.7,0.596,0.492,0.5,0.6,0.773,0.4,1.7,2.1,0.9,0.4,0.2,1.0,1.6,5.7,561,7.4,0.511,0.495,0.112,3.0,11.9,7.5,8.2,1.2,1.0,15.2,18.0,-0.5,0.6,0.1,0.011,-4.7,-0.8,-5.6,-0.5
205,Ousmane Dieng,PF,OKC,39,1,14.6,1.9,4.6,0.42,0.7,2.5,0.265,1.3,2.1,0.602,0.492,0.4,0.6,0.652,0.5,2.2,2.7,1.2,0.4,0.2,0.7,1.1,4.9,569,9.3,0.505,0.541,0.127,3.5,16.5,9.9,10.7,1.2,1.1,12.0,15.9,-0.1,0.6,0.4,0.038,-3.1,-0.5,-3.6,-0.2
206,Jeff Green,PF,DEN,56,4,19.5,2.9,5.9,0.488,0.5,1.9,0.288,2.3,4.0,0.58,0.534,1.6,2.1,0.744,0.7,1.9,2.6,1.2,0.3,0.3,0.8,1.8,7.8,1091,11.0,0.576,0.317,0.357,4.1,10.9,7.6,8.3,0.8,1.4,10.8,17.0,0.8,0.8,1.7,0.074,-2.4,-1.0,-3.4,-0.4
207,Donte DiVincenzo,SG,GSW,72,36,26.3,3.3,7.5,0.435,2.1,5.3,0.397,1.2,2.3,0.525,0.574,0.8,1.0,0.817,1.1,3.4,4.5,3.5,1.3,0.1,1.6,1.8,9.4,1894,12.8,0.593,0.7,0.131,4.7,14.0,9.4,17.3,2.4,0.5,16.4,15.1,1.9,2.3,4.2,0.106,-0.6,1.3,0.7,1.3
208,Devin Vassell,SG,SAS,38,32,31.0,6.9,15.7,0.439,2.7,7.0,0.387,4.2,8.7,0.48,0.525,2.1,2.6,0.78,0.2,3.7,3.9,3.6,1.1,0.4,1.5,1.5,18.5,1178,15.5,0.55,0.447,0.168,0.7,13.5,6.9,17.3,1.7,1.2,8.2,24.4,0.7,0.5,1.2,0.051,1.3,-0.9,0.4,0.7
209,Matisse Thybulle,SF-SG,PHI/POR,71,28,16.9,1.5,3.6,0.435,0.8,2.1,0.365,0.8,1.5,0.533,0.542,0.3,0.4,0.679,0.6,1.4,2.0,0.7,1.2,0.5,0.3,1.6,4.1,1200,10.5,0.552,0.585,0.111,3.9,9.7,6.8,5.9,3.4,2.4,8.3,10.6,0.6,1.5,2.1,0.086,-2.7,2.2,-0.5,0.4
210,Jarred Vanderbilt,PF,LAL/UTA,78,65,24.1,3.2,5.8,0.548,0.4,1.2,0.322,2.8,4.6,0.604,0.58,1.2,1.8,0.691,2.2,5.3,7.5,2.4,1.1,0.3,1.2,2.4,7.9,1879,15.1,0.604,0.2,0.308,10.0,23.2,16.7,13.1,2.1,0.9,15.9,13.6,2.7,2.5,5.2,0.132,-0.6,1.6,1.1,1.5
211,James Bouknight,SG,CHO,34,0,15.1,2.0,5.7,0.358,1.0,3.2,0.303,1.1,2.5,0.429,0.443,0.6,0.9,0.667,0.2,1.9,2.1,1.2,0.4,0.1,0.9,1.4,5.6,515,6.2,0.463,0.565,0.155,1.6,13.5,7.5,11.1,1.3,0.8,13.4,19.5,-0.8,0.4,-0.4,-0.04,-5.4,-1.1,-6.5,-0.6
212,Brandon Clarke,PF,MEM,56,8,19.5,4.1,6.2,0.656,0.0,0.1,0.167,4.1,6.1,0.665,0.658,1.8,2.4,0.723,1.6,3.9,5.5,1.3,0.6,0.7,1.0,2.3,10.0,1090,20.0,0.682,0.017,0.393,9.0,21.2,15.1,9.5,1.5,3.1,11.8,17.7,2.7,1.8,4.5,0.199,0.8,1.8,2.5,1.3
213,Jalen Williams,SG,OKC,75,62,30.3,5.5,10.6,0.521,1.0,2.7,0.356,4.5,7.9,0.579,0.567,2.1,2.5,0.812,1.1,3.4,4.5,3.3,1.4,0.5,1.6,2.5,14.1,2276,15.6,0.601,0.258,0.241,3.9,12.2,7.9,15.4,2.1,1.4,12.3,18.4,3.0,2.6,5.6,0.119,-0.4,0.7,0.3,1.3
214,Grant Williams,PF,BOS,79,23,25.9,2.7,6.0,0.454,1.5,3.7,0.395,1.3,2.3,0.546,0.575,1.2,1.5,0.77,1.1,3.5,4.6,1.7,0.5,0.4,1.0,2.4,8.1,2045,10.3,0.605,0.611,0.256,4.7,14.5,9.7,8.4,1.0,1.3,13.4,13.1,1.9,2.6,4.4,0.104,-1.8,0.7,-1.1,0.5
215,Darius Bazley,C,OKC/PHO,43,1,14.3,1.9,4.3,0.454,0.5,1.2,0.377,1.5,3.0,0.485,0.508,0.9,1.6,0.543,0.8,2.4,3.2,0.9,0.5,0.8,0.6,1.0,5.2,616,13.1,0.524,0.29,0.383,5.8,18.5,12.1,8.3,1.7,5.1,11.2,16.4,0.1,0.9,1.0,0.078,-2.0,1.0,-1.0,0.2
216,Tyrese Haliburton,PG,IND,56,56,33.6,7.4,15.0,0.49,2.9,7.2,0.4,4.5,7.8,0.572,0.586,3.1,3.6,0.871,0.6,3.1,3.7,10.4,1.6,0.4,2.5,1.2,20.7,1883,23.6,0.624,0.478,0.239,1.9,10.1,6.0,47.6,2.3,1.1,13.2,23.8,6.4,1.2,7.6,0.195,7.0,0.2,7.2,4.4
217,Nassir Little,SF,POR,54,4,18.1,2.5,5.6,0.442,1.1,2.9,0.367,1.4,2.7,0.524,0.538,0.6,0.9,0.717,0.5,2.1,2.6,0.9,0.4,0.4,0.7,1.2,6.6,976,10.2,0.555,0.521,0.152,3.2,13.5,8.3,7.3,1.0,1.8,10.0,16.0,0.2,0.4,0.7,0.032,-1.6,-1.4,-3.0,-0.3
218,Jalen Duren,C,DET,67,31,24.9,3.9,5.9,0.648,0.0,0.0,0.0,3.9,5.9,0.652,0.648,1.4,2.3,0.611,3.4,5.5,8.9,1.1,0.7,0.9,1.4,2.7,9.1,1670,17.3,0.655,0.005,0.394,14.7,25.1,19.7,6.8,1.3,3.1,16.5,14.3,2.9,1.6,4.5,0.129,-0.4,-0.4,-0.8,0.5
219,Gorgui Dieng,C,SAS,31,1,11.5,1.5,3.8,0.385,0.7,2.4,0.28,0.8,1.4,0.571,0.474,0.3,0.4,0.769,0.9,2.6,3.5,1.7,0.1,0.5,1.0,1.8,3.9,358,9.9,0.493,0.641,0.111,7.9,25.4,16.3,19.4,0.5,3.2,20.7,17.9,-0.2,0.2,0.0,0.001,-4.0,0.1,-3.9,-0.2
220,Justise Winslow,PF,POR,29,11,26.8,2.8,6.8,0.409,0.5,1.6,0.311,2.3,5.3,0.438,0.444,0.7,1.0,0.714,1.7,3.3,5.0,3.4,1.0,0.4,1.5,3.1,6.8,776,9.3,0.466,0.227,0.141,7.2,14.3,10.7,17.2,1.9,1.3,17.0,14.2,-0.1,0.5,0.4,0.022,-3.4,0.6,-2.8,-0.2
222,Stanley Johnson,SF,SAS,30,0,15.6,2.2,4.1,0.533,0.6,1.3,0.45,1.6,2.7,0.573,0.607,0.9,1.3,0.667,0.7,2.4,3.2,2.2,0.5,0.2,1.1,1.6,5.8,469,13.5,0.625,0.328,0.32,4.9,17.7,11.1,19.0,1.6,1.1,19.2,15.2,0.5,0.3,0.7,0.076,-0.8,-0.2,-1.0,0.1
223,George Hill,PG-SG,MIL/IND,46,1,18.1,1.7,3.6,0.47,0.7,2.1,0.358,1.0,1.5,0.62,0.572,0.9,1.2,0.764,0.3,1.5,1.8,2.4,0.6,0.1,0.7,1.2,5.0,834,10.6,0.61,0.572,0.331,2.0,8.6,5.4,16.7,1.5,0.6,15.2,11.3,1.1,0.8,1.9,0.107,-2.4,0.9,-1.5,0.1
224,Terence Davis,SG,SAC,64,5,13.1,2.4,5.7,0.423,1.4,3.8,0.366,1.0,1.9,0.537,0.545,0.5,0.7,0.791,0.3,1.9,2.2,1.0,0.7,0.2,0.8,1.6,6.7,841,12.9,0.563,0.668,0.118,2.7,16.1,9.4,11.1,2.4,1.2,12.2,22.2,0.0,0.9,0.9,0.054,-1.3,-0.3,-1.5,0.1
225,Chris Duarte,SF,IND,46,12,19.5,2.7,7.2,0.369,1.2,3.8,0.316,1.5,3.5,0.428,0.452,1.3,1.6,0.847,0.4,2.1,2.5,1.4,0.5,0.2,0.9,1.4,7.9,897,8.6,0.496,0.523,0.216,2.4,11.9,7.1,9.7,1.3,0.9,10.1,19.0,-0.5,0.4,0.0,-0.003,-2.9,-1.6,-4.5,-0.6
226,Alex Len,C,SAC,26,2,6.2,0.6,1.2,0.533,0.0,0.1,0.0,0.6,1.1,0.571,0.533,0.4,0.6,0.688,0.9,1.4,2.3,0.5,0.2,0.4,0.6,1.1,1.7,161,12.8,0.58,0.067,0.533,17.2,25.4,21.3,9.3,1.2,6.0,30.2,14.1,0.1,0.2,0.3,0.085,-4.9,0.9,-4.0,-0.1
227,Ochai Agbaji,SG,UTA,59,22,20.5,2.8,6.5,0.427,1.4,3.9,0.355,1.4,2.7,0.532,0.532,0.9,1.2,0.812,0.7,1.3,2.1,1.1,0.3,0.3,0.7,1.7,7.9,1209,9.5,0.561,0.591,0.179,3.9,6.9,5.4,7.5,0.6,1.0,9.0,15.8,0.9,0.4,1.3,0.053,-1.7,-1.4,-3.0,-0.3
228,Jordan Poole,PG,GSW,82,43,30.0,6.7,15.6,0.43,2.6,7.8,0.336,4.1,7.8,0.524,0.514,4.4,5.1,0.87,0.4,2.4,2.7,4.5,0.8,0.3,3.1,2.6,20.4,2458,14.6,0.573,0.498,0.325,1.5,8.5,5.0,22.5,1.2,0.8,14.7,29.2,1.4,1.9,3.2,0.063,-0.1,-1.8,-1.9,0.1
229,Keldon Johnson,SF,SAS,63,63,32.7,8.0,17.7,0.452,2.1,6.5,0.329,5.9,11.2,0.523,0.512,3.9,5.2,0.749,0.9,4.2,5.0,2.9,0.7,0.2,2.1,2.0,22.0,2063,15.3,0.551,0.366,0.294,2.9,14.4,8.4,13.7,1.1,0.4,9.6,27.9,0.7,0.5,1.3,0.03,0.7,-2.5,-1.8,0.1
231,Aaron Nesmith,SF,IND,73,60,24.9,3.5,8.1,0.427,1.6,4.3,0.366,1.9,3.8,0.496,0.525,1.6,1.9,0.838,0.8,2.9,3.8,1.3,0.8,0.5,1.0,3.2,10.1,1816,10.5,0.566,0.532,0.241,3.8,13.1,8.5,7.4,1.4,1.6,10.3,16.8,0.9,1.1,2.0,0.052,-2.3,-0.7,-3.0,-0.4
232,Moses Moody,SG,GSW,63,3,13.0,1.7,3.6,0.476,0.8,2.1,0.363,0.9,1.5,0.641,0.584,0.6,0.8,0.698,0.4,1.2,1.7,0.8,0.3,0.1,0.5,0.9,4.8,817,10.3,0.603,0.595,0.233,3.8,10.2,7.1,8.2,1.0,0.8,12.0,14.6,0.7,0.6,1.3,0.076,-1.7,-0.9,-2.6,-0.1
233,Mark Williams,C,CHO,43,17,19.3,3.7,5.8,0.637,0.0,0.0,0.0,3.7,5.8,0.637,0.637,1.6,2.3,0.691,2.2,4.9,7.1,0.4,0.7,1.0,0.9,2.2,9.0,828,19.8,0.659,0.0,0.386,11.7,27.7,19.6,3.3,1.6,4.7,12.0,17.0,1.5,1.3,2.8,0.163,-0.5,0.6,0.1,0.4
234,Cole Anthony,PG,ORL,60,4,25.9,4.6,10.2,0.454,1.3,3.4,0.364,3.4,6.7,0.5,0.516,2.5,2.8,0.894,0.8,4.0,4.8,3.9,0.6,0.5,1.5,2.6,13.0,1552,16.0,0.57,0.338,0.279,3.4,17.6,10.5,22.9,1.2,1.9,11.7,21.5,2.1,1.7,3.7,0.116,0.7,0.5,1.3,1.3
235,Corey Kispert,SF,WAS,74,45,28.3,3.9,7.9,0.497,2.2,5.2,0.424,1.7,2.7,0.637,0.637,1.0,1.2,0.852,0.4,2.4,2.8,1.2,0.4,0.1,0.7,1.3,11.1,2093,11.5,0.657,0.656,0.15,1.8,8.9,5.5,5.7,0.7,0.4,8.1,14.1,2.9,0.9,3.8,0.088,-0.1,-1.4,-1.5,0.2
236,AJ Griffin,SF,ATL,72,12,19.5,3.4,7.4,0.465,1.4,3.6,0.39,2.0,3.8,0.536,0.56,0.6,0.7,0.894,0.5,1.6,2.1,1.0,0.6,0.2,0.6,1.2,8.9,1401,12.6,0.577,0.486,0.088,2.9,9.2,6.0,7.0,1.4,0.7,7.1,17.9,1.3,0.9,2.2,0.075,-0.3,-0.5,-0.8,0.4
237,Mike Muscala,C,BOS/OKC,63,9,15.0,2.1,4.6,0.449,1.3,3.3,0.391,0.8,1.3,0.588,0.587,0.6,0.8,0.769,0.6,2.6,3.2,0.8,0.2,0.4,0.4,1.6,6.1,945,13.0,0.608,0.709,0.178,4.2,19.1,11.6,7.1,0.8,2.3,6.8,15.1,1.4,1.1,2.5,0.128,-0.3,-0.1,-0.4,0.4
238,Georges Niang,PF,PHI,78,1,19.4,2.8,6.4,0.442,2.0,4.9,0.401,0.9,1.5,0.576,0.596,0.5,0.6,0.867,0.2,2.1,2.4,1.0,0.4,0.2,0.7,1.9,8.2,1512,10.9,0.61,0.765,0.09,1.5,12.8,7.2,7.3,1.0,0.9,9.4,17.0,1.1,1.4,2.5,0.078,-0.4,-1.0,-1.4,0.2
239,Isaiah Stewart,C,DET,50,47,28.3,3.9,8.8,0.442,1.3,4.1,0.327,2.6,4.7,0.542,0.518,2.2,3.0,0.738,2.3,5.8,8.1,1.4,0.4,0.7,1.4,2.7,11.3,1414,13.1,0.56,0.465,0.338,8.7,23.3,15.8,7.3,0.7,2.1,11.8,17.3,1.1,0.9,2.0,0.068,-1.0,-1.1,-2.1,0.0
240,Chuma Okeke,SF,ORL,27,8,19.2,1.6,4.5,0.352,1.0,3.2,0.302,0.6,1.3,0.472,0.459,0.6,0.8,0.762,1.0,2.6,3.6,1.4,0.7,0.4,0.6,1.5,4.7,518,9.1,0.488,0.705,0.172,5.7,15.3,10.5,9.4,1.8,2.1,11.5,12.3,0.0,0.6,0.7,0.061,-2.4,0.8,-1.6,0.1
241,Amir Coffey,SF,LAC,50,9,12.5,1.1,2.9,0.386,0.2,0.8,0.275,0.9,2.1,0.429,0.424,1.0,1.3,0.778,0.3,0.7,1.1,1.1,0.1,0.1,0.4,1.0,3.4,625,7.0,0.498,0.276,0.434,3.1,6.4,4.7,11.2,0.5,0.7,10.8,13.5,0.1,0.3,0.4,0.033,-4.3,-0.7,-5.0,-0.5
242,Tari Eason,PF,HOU,82,5,21.5,3.6,8.0,0.448,0.7,2.1,0.343,2.9,6.0,0.486,0.493,1.3,1.8,0.752,2.4,3.7,6.0,1.1,1.2,0.6,1.2,2.3,9.3,1767,15.2,0.525,0.261,0.22,12.0,18.9,15.4,7.4,2.6,2.6,12.2,19.3,0.9,1.7,2.6,0.07,-1.3,-0.4,-1.7,0.1
243,Aleksej Pokusevski,PF,OKC,34,25,20.6,3.2,7.3,0.434,1.1,3.1,0.365,2.1,4.3,0.483,0.51,0.6,1.0,0.629,1.3,3.4,4.7,1.9,0.6,1.3,1.3,1.7,8.1,701,13.4,0.522,0.418,0.141,6.8,17.8,12.2,12.4,1.4,5.7,14.0,18.3,0.0,1.0,1.0,0.066,-1.0,1.0,0.0,0.3
244,Simone Fontecchio,SF,UTA,52,6,14.7,2.2,6.0,0.369,1.2,3.7,0.33,1.0,2.3,0.43,0.47,0.7,0.8,0.795,0.6,1.1,1.7,0.8,0.3,0.2,0.8,1.2,6.3,766,8.0,0.495,0.612,0.141,4.4,7.7,6.1,7.5,0.9,0.9,10.5,20.2,-0.4,0.3,-0.1,-0.004,-3.0,-2.1,-5.2,-0.6
245,Andre Drummond,C,CHI,67,0,12.7,2.5,4.1,0.606,0.0,0.0,0.0,2.5,4.0,0.613,0.606,1.0,1.9,0.536,2.1,4.6,6.6,0.5,0.7,0.4,1.1,1.7,6.0,849,20.8,0.606,0.011,0.456,18.7,40.2,29.6,5.7,2.6,3.1,18.6,21.0,0.8,2.0,2.8,0.159,-1.2,0.5,-0.8,0.3
246,Dalen Terry,SG,CHI,38,0,5.6,0.8,1.9,0.444,0.2,0.7,0.259,0.7,1.2,0.556,0.493,0.4,0.6,0.667,0.3,0.7,1.0,0.6,0.3,0.1,0.2,0.6,2.2,214,14.1,0.523,0.375,0.292,6.5,13.0,9.8,14.1,2.5,2.3,9.0,18.4,0.1,0.3,0.5,0.105,-1.7,1.7,0.0,0.1
248,Josh Green,SG,DAL,60,21,25.7,3.4,6.4,0.537,1.1,2.8,0.402,2.3,3.6,0.643,0.626,1.1,1.6,0.723,0.9,2.1,3.0,1.7,0.7,0.1,1.2,2.6,9.1,1539,11.2,0.645,0.442,0.246,4.1,9.7,6.9,9.7,1.4,0.3,14.5,14.6,1.7,0.9,2.6,0.082,-1.9,-0.6,-2.4,-0.2
249,Jake LaRavia,PF,MEM,35,0,11.8,1.1,2.7,0.389,0.7,2.0,0.338,0.4,0.7,0.542,0.516,0.2,0.3,0.778,0.5,1.3,1.8,0.6,0.3,0.1,0.5,1.4,3.0,414,6.7,0.531,0.747,0.095,4.9,11.3,8.1,6.2,1.4,0.9,15.4,11.7,0.0,0.5,0.5,0.054,-3.9,0.4,-3.5,-0.2
250,Tre Mann,PG,OKC,67,5,17.7,2.9,7.5,0.393,1.2,3.8,0.315,1.7,3.6,0.475,0.474,0.6,0.8,0.764,0.4,1.9,2.3,1.8,0.6,0.2,0.9,1.5,7.7,1183,10.0,0.492,0.513,0.11,2.4,11.8,7.0,14.0,1.6,0.9,10.6,20.7,-0.6,1.1,0.5,0.021,-3.0,-1.0,-3.9,-0.6
251,Kevin Knox,SF-PF,DET/POR,63,5,15.1,2.4,5.3,0.458,1.0,3.0,0.349,1.4,2.3,0.596,0.556,0.7,1.0,0.767,0.5,2.3,2.8,0.5,0.4,0.2,0.8,1.5,6.6,952,11.1,0.579,0.56,0.181,3.9,17.3,10.5,5.2,1.2,1.1,12.2,18.4,0.2,0.5,0.7,0.034,-2.1,-1.4,-3.5,-0.4
252,Saddiq Bey,SF,DET/ATL,77,37,27.6,4.6,10.9,0.422,2.0,5.4,0.361,2.6,5.4,0.483,0.513,2.7,3.1,0.861,1.3,3.4,4.7,1.5,0.9,0.2,0.9,1.6,13.8,2129,14.6,0.564,0.5,0.285,5.0,14.0,9.4,8.1,1.6,0.5,7.0,20.2,2.6,1.2,3.9,0.087,0.9,-1.2,-0.3,0.9
253,Malaki Branham,SG,SAS,66,32,23.5,4.1,9.3,0.44,1.2,3.9,0.302,2.9,5.4,0.539,0.503,0.9,1.1,0.829,0.4,2.3,2.7,1.9,0.5,0.1,1.2,1.7,10.2,1550,9.5,0.524,0.417,0.115,1.9,11.2,6.4,11.4,1.0,0.4,10.6,19.1,-0.4,0.2,-0.1,-0.004,-3.0,-2.1,-5.2,-1.3
255,Kai Jones,C,CHO,46,0,12.0,1.5,2.6,0.558,0.1,0.4,0.211,1.4,2.2,0.624,0.575,0.4,0.6,0.731,0.8,1.9,2.7,0.3,0.4,0.7,0.7,1.4,3.4,550,10.8,0.597,0.158,0.217,7.0,17.0,11.9,3.7,1.5,4.7,19.1,12.4,0.0,0.7,0.7,0.062,-4.8,0.8,-4.0,-0.3
256,Blake Griffin,C,BOS,41,16,13.9,1.5,3.2,0.485,0.6,1.6,0.348,1.0,1.6,0.625,0.573,0.5,0.8,0.656,1.1,2.6,3.8,1.5,0.3,0.2,0.5,1.8,4.1,569,13.1,0.59,0.508,0.246,9.2,20.4,14.9,14.2,1.2,1.4,13.2,12.7,1.0,0.8,1.8,0.153,-1.4,1.5,0.1,0.3
257,Robin Lopez,C,CLE,37,2,8.1,1.3,2.0,0.64,0.1,0.1,0.5,1.2,1.9,0.648,0.653,0.4,0.5,0.778,0.6,0.8,1.4,0.5,0.1,0.2,0.7,1.2,3.0,299,11.6,0.675,0.053,0.24,9.1,11.0,10.0,9.1,0.3,2.5,23.2,16.1,0.2,0.3,0.6,0.094,-3.4,0.3,-3.0,-0.1
258,Markieff Morris,PF,BRK/DAL,35,2,10.1,1.3,3.3,0.409,0.8,2.0,0.394,0.5,1.3,0.432,0.53,0.3,0.3,1.0,0.4,1.7,2.0,0.9,0.3,0.1,0.5,1.4,3.8,355,10.4,0.553,0.617,0.087,4.2,18.2,11.3,12.2,1.2,1.2,13.1,17.2,0.1,0.4,0.4,0.059,-2.3,-0.4,-2.7,-0.1
262,Wesley Matthews,SF,MIL,52,0,15.8,1.1,3.1,0.363,0.8,2.4,0.315,0.4,0.7,0.528,0.484,0.5,0.5,0.857,0.7,1.5,2.2,0.7,0.4,0.3,0.3,1.4,3.4,820,7.0,0.519,0.775,0.175,4.5,9.7,7.2,5.1,1.2,1.3,9.5,9.8,0.3,0.9,1.2,0.073,-3.4,0.8,-2.7,-0.1
263,Austin Rivers,SG,MIN,52,10,19.5,1.8,4.0,0.435,0.8,2.4,0.35,0.9,1.7,0.558,0.538,0.6,0.8,0.769,0.1,1.5,1.6,1.4,0.5,0.1,0.4,1.5,4.9,1016,7.4,0.564,0.589,0.187,0.6,8.4,4.6,9.3,1.3,0.3,9.2,10.5,0.5,0.8,1.3,0.061,-3.3,0.5,-2.8,-0.2
264,Bismack Biyombo,C,PHO,61,14,14.3,2.0,3.4,0.578,0.0,0.0,0.0,2.0,3.4,0.578,0.578,0.4,1.1,0.357,1.5,2.8,4.3,0.9,0.3,1.4,0.8,1.9,4.3,874,14.4,0.555,0.0,0.34,11.0,22.1,16.5,8.7,1.0,9.0,17.7,14.0,0.2,1.6,1.9,0.102,-3.4,2.5,-0.9,0.2
265,Taj Gibson,C,WAS,49,2,9.8,1.3,2.6,0.52,0.2,0.5,0.333,1.2,2.1,0.564,0.552,0.6,0.9,0.714,0.7,1.2,1.9,0.7,0.3,0.2,0.5,1.7,3.4,480,11.4,0.585,0.192,0.336,7.7,13.6,10.8,9.6,1.5,2.1,15.3,15.3,0.4,0.5,0.8,0.082,-3.6,0.5,-3.2,-0.1
266,Precious Achiuwa,C,TOR,55,12,20.7,3.6,7.3,0.485,0.5,2.0,0.269,3.0,5.4,0.564,0.521,1.6,2.3,0.702,1.8,4.1,6.0,0.9,0.6,0.5,1.1,1.9,9.2,1140,15.2,0.554,0.267,0.307,9.3,24.4,16.3,6.3,1.3,2.6,11.4,19.4,0.8,1.4,2.2,0.093,-1.4,-0.8,-2.3,-0.1
267,Christian Braun,SG,DEN,76,6,15.5,1.9,3.8,0.495,0.4,1.3,0.354,1.4,2.5,0.565,0.554,0.5,0.8,0.625,0.6,1.8,2.4,0.8,0.5,0.2,0.5,1.3,4.7,1181,10.3,0.568,0.332,0.221,4.8,12.6,8.8,6.4,1.7,1.3,9.9,13.0,0.7,1.2,1.9,0.079,-2.5,0.1,-2.4,-0.1
268,Jordan Nwora,SF,MIL/IND,62,14,19.2,3.1,7.2,0.436,1.4,3.4,0.408,1.7,3.8,0.462,0.533,1.1,1.4,0.791,0.8,2.9,3.7,1.4,0.4,0.2,1.1,1.2,8.7,1188,12.2,0.561,0.474,0.193,4.7,15.8,10.4,10.5,1.0,1.0,12.0,19.4,0.5,1.0,1.5,0.06,-0.8,-1.3,-2.1,0.0
269,Jalen Johnson,SF,ATL,70,6,14.9,2.3,4.6,0.491,0.4,1.5,0.288,1.8,3.1,0.587,0.537,0.7,1.1,0.628,0.7,3.3,4.0,1.2,0.5,0.5,0.6,1.6,5.6,1042,14.1,0.554,0.323,0.242,5.3,24.6,14.8,10.4,1.7,2.8,10.3,16.0,0.8,1.3,2.1,0.099,-1.2,1.5,0.3,0.6
270,Tyrese Maxey,SG,PHI,60,41,33.6,7.3,15.2,0.481,2.7,6.2,0.434,4.7,9.1,0.513,0.568,3.0,3.6,0.845,0.4,2.6,2.9,3.5,0.8,0.1,1.3,2.2,20.3,2016,17.0,0.605,0.404,0.233,1.4,8.8,5.2,16.9,1.2,0.4,7.4,24.1,3.7,1.6,5.4,0.128,1.9,-1.2,0.6,1.3
271,Bruno Fernando,C,HOU/ATL,39,4,10.4,1.5,2.9,0.527,0.0,0.1,0.0,1.5,2.8,0.546,0.527,0.9,1.3,0.7,1.4,2.1,3.5,0.8,0.2,0.9,0.6,1.9,3.9,405,16.6,0.571,0.036,0.446,14.5,22.8,18.6,10.8,0.7,8.1,15.7,16.3,0.5,0.4,0.9,0.109,-2.8,0.7,-2.0,0.0
272,Walker Kessler,C,UTA,74,40,23.0,4.0,5.6,0.72,0.0,0.0,0.333,4.0,5.6,0.723,0.721,1.1,2.1,0.516,3.1,5.3,8.4,0.9,0.4,2.3,0.8,2.3,9.2,1703,21.5,0.702,0.007,0.384,14.9,24.4,19.7,5.7,0.7,8.6,10.7,13.3,4.6,2.5,7.1,0.2,1.4,1.5,2.9,2.1
273,Keon Johnson,SG,POR,40,0,10.4,1.7,4.5,0.376,0.7,2.0,0.346,1.0,2.4,0.402,0.455,0.7,1.0,0.659,0.3,0.8,1.1,1.5,0.5,0.2,1.1,1.1,4.7,416,9.0,0.482,0.455,0.23,3.0,9.2,6.1,20.9,2.2,1.3,18.0,25.0,-0.7,0.2,-0.5,-0.057,-3.8,-1.6,-5.4,-0.4
274,Charles Bassey,C,SAS,35,2,14.5,2.5,3.9,0.644,0.1,0.2,0.375,2.4,3.6,0.661,0.656,0.6,1.1,0.595,2.1,3.4,5.5,1.3,0.5,0.9,1.2,2.1,5.7,508,18.8,0.658,0.059,0.274,15.5,26.4,20.7,12.9,1.5,5.4,21.3,15.6,0.7,0.6,1.3,0.122,-0.7,1.3,0.6,0.3
275,Matthew Dellavedova,PG,SAC,32,0,6.7,0.5,1.6,0.34,0.3,0.8,0.333,0.3,0.7,0.348,0.43,0.1,0.2,0.571,0.0,0.4,0.4,1.3,0.2,0.0,0.3,0.6,1.5,213,6.7,0.443,0.54,0.14,0.5,6.4,3.5,23.4,1.6,0.0,15.9,12.7,0.0,0.1,0.1,0.021,-4.4,-0.8,-5.2,-0.2
276,Trey Lyles,PF,SAC,74,0,16.9,2.5,5.5,0.458,1.2,3.2,0.363,1.4,2.3,0.595,0.565,1.4,1.7,0.815,0.9,3.1,4.1,0.9,0.4,0.4,0.9,1.3,7.6,1247,14.2,0.607,0.588,0.304,6.3,21.1,13.7,7.0,1.0,2.2,12.2,18.1,1.4,1.2,2.6,0.098,0.0,-0.9,-1.0,0.3
277,Zeke Nnaji,PF,DEN,53,5,13.7,2.1,3.7,0.561,0.3,1.2,0.262,1.8,2.5,0.71,0.605,0.8,1.2,0.645,1.2,1.4,2.6,0.3,0.3,0.4,0.6,2.0,5.2,728,12.5,0.62,0.332,0.316,10.5,11.2,10.9,3.3,1.1,2.8,12.2,15.2,0.9,0.7,1.6,0.106,-2.7,-0.9,-3.7,-0.3
278,David Roddy,PF,MEM,70,4,18.0,2.6,6.0,0.429,0.9,3.0,0.307,1.6,3.0,0.553,0.506,0.6,0.9,0.631,0.7,2.0,2.8,0.8,0.4,0.3,0.8,1.5,6.7,1258,8.8,0.519,0.505,0.155,4.2,12.0,8.1,6.1,1.1,1.4,11.3,16.7,-0.3,1.4,1.1,0.043,-3.2,-0.7,-3.9,-0.6
279,Isaiah Jackson,C,IND,63,12,16.5,2.8,5.0,0.563,0.0,0.2,0.143,2.8,4.8,0.582,0.566,1.5,2.3,0.651,1.8,2.7,4.5,0.8,0.5,1.5,0.8,2.4,7.2,1042,17.5,0.595,0.044,0.459,12.1,18.0,15.0,7.0,1.4,7.7,11.8,17.4,1.5,1.2,2.7,0.124,-1.7,0.9,-0.8,0.3
280,MarJon Beauchamp,SF,MIL,52,11,13.5,1.8,4.7,0.395,0.9,2.7,0.331,0.9,1.9,0.485,0.492,0.5,0.7,0.73,0.7,1.5,2.2,0.7,0.4,0.1,0.9,1.4,5.1,701,8.2,0.513,0.584,0.152,5.9,11.0,8.5,6.7,1.4,0.8,14.8,18.3,-0.4,0.8,0.4,0.027,-4.1,-0.6,-4.8,-0.5
281,Usman Garuba,C,HOU,75,1,12.9,1.1,2.4,0.486,0.3,0.8,0.407,0.8,1.6,0.525,0.554,0.4,0.6,0.617,1.6,2.5,4.1,0.9,0.6,0.4,0.6,1.8,3.0,970,12.9,0.569,0.333,0.266,13.4,21.4,17.4,8.8,2.2,2.9,19.2,10.5,0.9,0.9,1.8,0.091,-2.0,0.6,-1.4,0.2
282,Raul Neto,PG,CLE,48,1,10.5,1.2,2.3,0.518,0.3,0.9,0.286,0.9,1.4,0.662,0.573,0.6,0.7,0.912,0.2,0.8,1.0,1.6,0.4,0.1,0.5,1.0,3.3,505,12.6,0.628,0.382,0.309,2.3,8.4,5.4,21.0,1.7,0.7,16.1,13.2,0.8,0.6,1.5,0.142,-1.7,1.5,-0.2,0.2
283,Frank Kaminsky,C,HOU/ATL,36,0,6.5,0.9,1.8,0.492,0.4,0.9,0.394,0.5,0.8,0.6,0.595,0.4,0.4,0.875,0.2,1.3,1.4,0.9,0.2,0.1,0.3,0.6,2.5,235,15.3,0.635,0.524,0.254,3.2,21.2,12.1,17.8,1.2,1.6,11.4,14.1,0.5,0.2,0.7,0.141,1.2,1.7,2.8,0.3
284,Montrezl Harrell,C,PHI,57,7,11.9,2.2,3.7,0.598,0.0,0.1,0.0,2.2,3.6,0.616,0.598,1.2,1.8,0.693,1.2,1.6,2.8,0.6,0.3,0.4,0.6,1.3,5.6,681,17.6,0.631,0.029,0.483,11.8,15.7,13.8,7.4,1.2,3.4,12.1,18.9,1.3,0.8,2.2,0.153,-0.9,-0.4,-1.3,0.1
285,Blake Wesley,SG,SAS,37,1,18.1,1.9,5.8,0.321,0.5,1.4,0.385,1.3,4.4,0.301,0.367,0.7,1.2,0.591,0.3,1.9,2.2,2.7,0.7,0.1,1.8,1.8,5.0,669,3.5,0.393,0.242,0.205,1.7,11.9,6.6,18.8,1.8,0.6,21.7,18.5,-1.9,0.3,-1.6,-0.114,-7.9,-1.8,-9.6,-1.3
286,Josh Christopher,SG,HOU,64,2,12.3,2.4,5.1,0.465,0.3,1.4,0.236,2.1,3.8,0.55,0.497,0.7,0.9,0.75,0.3,0.8,1.1,1.1,0.5,0.2,0.9,0.9,5.8,786,11.5,0.523,0.271,0.182,2.8,7.2,5.0,14.3,2.0,1.9,14.4,21.9,-0.3,0.3,0.0,-0.001,-3.0,-1.4,-4.3,-0.5
287,Isaiah Roby,PF,SAS,42,2,11.3,1.6,3.7,0.432,0.4,1.4,0.3,1.2,2.3,0.516,0.49,0.5,1.0,0.488,0.5,2.0,2.5,0.9,0.4,0.2,0.7,1.3,4.1,474,9.3,0.497,0.387,0.265,4.7,20.6,12.3,10.7,1.8,1.2,15.2,17.8,-0.4,0.3,-0.1,-0.011,-4.0,-0.6,-4.6,-0.3
288,Lindy Waters III,SG,OKC,41,0,13.0,1.7,4.3,0.393,1.4,4.0,0.358,0.3,0.4,0.75,0.556,0.4,0.5,0.8,0.4,1.4,1.8,0.7,0.3,0.3,0.2,1.0,5.2,531,11.8,0.573,0.91,0.112,3.2,12.2,7.6,7.0,1.3,1.9,5.1,15.5,0.6,0.5,1.1,0.101,0.5,-0.4,0.1,0.3
289,Immanuel Quickley,SG,NYK,81,21,28.9,5.2,11.6,0.448,2.1,5.6,0.37,3.1,6.0,0.521,0.537,2.5,3.1,0.819,0.7,3.4,4.2,3.4,1.0,0.2,1.2,2.0,14.9,2344,16.3,0.578,0.485,0.265,2.7,13.1,7.9,17.4,1.7,0.6,8.7,20.9,4.4,2.3,6.7,0.137,1.3,0.4,1.7,2.1
290,John Konchar,SF,MEM,72,23,20.8,1.9,4.4,0.431,0.8,2.5,0.339,1.1,2.0,0.545,0.525,0.4,0.5,0.778,0.9,3.4,4.3,1.4,1.1,0.3,0.5,1.6,5.1,1494,10.8,0.542,0.553,0.113,4.5,17.4,11.0,8.2,2.4,1.5,9.9,10.4,1.0,2.5,3.5,0.111,-1.9,2.4,0.5,0.9
291,Rodney McGruder,SG,DET,32,12,16.4,1.9,4.8,0.408,1.3,3.0,0.423,0.7,1.7,0.382,0.543,0.6,0.7,0.818,0.6,1.7,2.3,0.9,0.5,0.0,0.3,1.2,5.7,524,10.7,0.566,0.638,0.145,4.1,11.8,7.8,7.6,1.5,0.2,6.4,14.0,0.5,0.2,0.7,0.068,-0.8,-0.7,-1.5,0.1
292,Bryn Forbes,SG,MIN,25,0,10.7,1.2,3.3,0.361,0.6,1.8,0.304,0.6,1.5,0.432,0.446,0.6,0.6,1.0,0.2,0.4,0.6,0.7,0.3,0.1,0.5,0.9,3.6,268,6.2,0.497,0.554,0.181,1.7,4.5,3.1,8.2,1.2,0.7,11.8,16.2,-0.2,0.2,0.0,0.0,-4.8,-1.5,-6.3,-0.3
293,Damian Jones,C,LAL/UTA,41,1,11.6,1.3,2.1,0.64,0.2,0.4,0.588,1.1,1.7,0.652,0.698,0.5,0.7,0.759,1.0,2.0,3.0,0.4,0.2,0.5,0.6,1.3,3.5,477,12.9,0.719,0.198,0.337,9.7,17.7,13.8,4.1,0.8,3.7,18.9,10.7,0.7,0.5,1.2,0.119,-2.0,0.3,-1.7,0.0
294,Quentin Grimes,SG,NYK,71,66,29.9,4.0,8.5,0.468,2.2,5.7,0.386,1.8,2.7,0.641,0.599,1.1,1.4,0.796,0.7,2.5,3.2,2.1,0.7,0.4,1.0,2.5,11.3,2121,11.7,0.619,0.676,0.163,2.5,9.4,5.9,9.7,1.1,1.2,9.7,14.4,3.2,1.6,4.8,0.108,-0.3,0.1,-0.1,1.0
295,Saben Lee,PG,PHI/PHO,25,1,14.9,2.0,4.8,0.405,0.4,1.2,0.367,1.5,3.6,0.418,0.45,1.7,2.3,0.737,0.5,1.3,1.8,2.7,0.8,0.0,1.0,1.3,6.0,373,13.1,0.517,0.248,0.471,3.8,9.7,6.7,24.3,2.5,0.2,14.1,19.5,0.2,0.4,0.7,0.088,-2.7,0.9,-1.8,0.0
296,Andrew Nembhard,SG,IND,75,63,27.6,3.8,8.6,0.441,1.2,3.5,0.35,2.6,5.1,0.504,0.512,0.7,0.8,0.79,0.5,2.2,2.7,4.5,0.9,0.2,1.7,2.4,9.5,2073,10.0,0.528,0.408,0.096,1.9,8.8,5.3,22.4,1.6,0.5,15.8,16.1,0.4,0.8,1.2,0.029,-2.4,-0.8,-3.2,-0.6
297,Payton Pritchard,PG,BOS,48,3,13.4,2.1,5.1,0.412,1.2,3.2,0.364,0.9,1.9,0.495,0.527,0.3,0.3,0.75,0.5,1.3,1.8,1.3,0.3,0.0,0.8,0.8,5.6,643,10.3,0.536,0.629,0.065,4.3,10.5,7.5,14.0,1.1,0.1,13.7,19.8,-0.1,0.7,0.6,0.045,-2.1,-1.2,-3.4,-0.2
298,Bones Hyland,PG,DEN/LAC,56,1,19.4,4.1,10.2,0.399,2.1,5.6,0.371,2.0,4.6,0.434,0.502,1.5,1.8,0.843,0.4,2.1,2.4,3.1,0.7,0.3,1.5,1.7,11.8,1085,14.9,0.535,0.552,0.179,2.1,11.8,7.1,23.4,1.8,1.2,11.7,28.0,0.3,1.1,1.4,0.062,0.4,-1.2,-0.8,0.3
299,Bol Bol,PF,ORL,70,33,21.5,3.7,6.8,0.546,0.4,1.6,0.265,3.3,5.2,0.633,0.577,1.2,1.5,0.759,1.0,4.8,5.8,1.0,0.4,1.2,1.6,1.3,9.1,1505,14.4,0.603,0.236,0.226,5.2,25.3,15.2,6.9,1.0,5.5,17.6,18.2,0.0,2.2,2.3,0.072,-1.8,0.9,-0.9,0.4
301,Udoka Azubuike,C,UTA,36,4,10.0,1.6,2.0,0.819,0.0,0.0,0.0,1.6,2.0,0.819,0.819,0.2,0.6,0.35,0.9,2.4,3.3,0.3,0.2,0.4,0.5,0.9,3.5,359,16.1,0.774,0.0,0.278,9.5,26.1,17.9,4.3,0.8,3.5,18.2,11.5,0.6,0.4,1.0,0.134,-1.2,0.5,-0.6,0.1
302,Jaden McDaniels,SF,MIN,79,79,30.6,4.7,9.1,0.517,1.4,3.4,0.398,3.3,5.7,0.588,0.591,1.3,1.8,0.736,1.2,2.7,3.9,1.9,0.9,1.0,1.4,3.4,12.1,2416,12.0,0.611,0.376,0.201,4.3,9.8,7.1,8.4,1.5,2.7,12.6,15.8,2.0,2.4,4.4,0.087,-1.7,0.5,-1.2,0.5
303,Jordan McLaughlin,PG,MIN,43,0,15.8,1.4,3.4,0.421,0.6,1.8,0.308,0.9,1.6,0.552,0.503,0.3,0.4,0.833,0.3,1.1,1.4,3.4,0.7,0.1,0.8,0.7,3.7,678,11.8,0.526,0.538,0.124,2.5,7.6,5.1,27.4,2.2,0.5,17.7,11.7,0.7,0.6,1.3,0.094,-1.3,0.6,-0.7,0.2
304,Malachi Flynn,PG,TOR,53,2,13.0,1.6,4.6,0.36,0.9,2.5,0.353,0.8,2.1,0.367,0.457,0.5,0.6,0.758,0.3,1.2,1.4,1.3,0.4,0.1,0.5,1.2,4.6,691,8.7,0.479,0.55,0.136,2.3,10.8,6.2,13.7,1.5,0.6,8.9,17.4,0.0,0.5,0.5,0.034,-3.3,-0.8,-4.1,-0.4
305,Cam Thomas,SG,BRK,57,4,16.6,3.5,8.0,0.441,0.9,2.3,0.383,2.6,5.7,0.464,0.497,2.6,3.1,0.868,0.1,1.5,1.7,1.4,0.4,0.1,1.1,1.0,10.6,948,14.7,0.567,0.292,0.382,1.0,10.1,5.6,12.7,1.0,0.6,10.6,27.8,0.3,0.7,1.0,0.049,-0.7,-2.0,-2.7,-0.2
306,Luke Kornet,C,BOS,69,0,11.7,1.6,2.5,0.665,0.0,0.2,0.231,1.6,2.3,0.701,0.674,0.5,0.6,0.821,1.2,1.6,2.9,0.8,0.2,0.7,0.4,1.2,3.8,804,16.7,0.697,0.076,0.229,11.9,14.8,13.4,9.1,0.7,4.9,11.8,11.5,2.1,1.2,3.3,0.198,-0.4,1.3,1.0,0.6
307,Damion Lee,SG,PHO,74,5,20.4,2.7,6.1,0.442,1.5,3.3,0.445,1.2,2.8,0.439,0.564,1.3,1.4,0.904,0.5,2.5,3.0,1.3,0.4,0.1,1.1,1.6,8.2,1506,10.7,0.607,0.546,0.23,2.8,14.0,8.3,8.9,1.0,0.4,13.5,16.3,1.1,1.4,2.6,0.081,-1.3,-0.4,-1.7,0.1
308,Juan Toscano-Anderson,SF,LAL/UTA,52,9,13.5,1.2,2.8,0.448,0.2,0.8,0.186,1.1,1.9,0.56,0.476,0.4,0.5,0.792,0.5,1.8,2.4,1.3,0.3,0.2,0.7,1.5,3.0,700,7.2,0.505,0.301,0.168,4.4,14.4,9.5,11.8,1.1,1.2,18.1,11.3,-0.1,0.6,0.5,0.038,-4.6,0.8,-3.8,-0.3
309,Desmond Bane,SG,MEM,58,58,31.7,7.8,16.2,0.479,2.9,7.0,0.408,4.9,9.2,0.534,0.568,3.1,3.5,0.883,0.7,4.3,5.0,4.4,1.0,0.4,2.2,2.6,21.5,1841,19.1,0.606,0.433,0.218,2.5,14.3,8.4,20.8,1.4,1.1,10.9,26.1,3.5,2.3,5.8,0.151,3.3,0.1,3.5,2.5
311,Day'Ron Sharpe,C,BRK,48,3,11.5,1.9,3.6,0.544,0.1,0.2,0.545,1.8,3.3,0.544,0.561,0.7,1.1,0.636,2.1,2.1,4.2,0.8,0.3,0.7,0.9,1.9,4.7,552,17.8,0.581,0.064,0.322,20.6,20.1,20.4,9.7,1.3,5.0,17.7,19.0,0.8,0.8,1.6,0.139,-1.8,-0.6,-2.3,0.0
313,Frank Ntilikina,SG,DAL,47,5,12.9,1.0,2.8,0.364,0.4,1.4,0.254,0.7,1.4,0.477,0.428,0.5,0.7,0.667,0.1,1.2,1.3,1.2,0.3,0.1,0.6,1.4,2.9,607,5.2,0.461,0.508,0.25,1.3,10.7,5.9,12.8,1.3,1.0,16.5,13.1,-0.5,0.4,-0.1,-0.01,-6.1,-0.7,-6.7,-0.7
314,Garrison Mathews,SG,HOU/ATL,54,0,12.7,1.4,3.7,0.363,1.2,3.3,0.35,0.2,0.4,0.476,0.52,0.9,1.0,0.906,0.2,1.1,1.4,0.5,0.4,0.1,0.4,1.1,4.8,686,9.7,0.573,0.896,0.264,1.7,10.0,5.8,5.1,1.7,0.7,7.8,14.7,0.7,0.3,1.0,0.067,-2.0,-0.4,-2.4,-0.1
315,Jaylin Williams,C,OKC,49,36,18.7,2.1,4.8,0.436,0.9,2.3,0.407,1.1,2.5,0.463,0.534,0.8,1.1,0.704,0.9,4.0,4.9,1.6,0.6,0.2,0.8,2.3,5.9,914,11.2,0.559,0.483,0.231,5.1,23.6,14.1,10.7,1.5,1.2,12.6,13.5,0.7,1.2,1.9,0.099,-2.3,0.6,-1.7,0.1
316,Jeremiah Robinson-Earl,PF,OKC,43,20,18.9,2.6,5.8,0.444,0.9,2.6,0.333,1.7,3.2,0.533,0.518,0.8,1.0,0.833,1.7,2.5,4.2,1.0,0.6,0.3,0.4,1.7,6.8,814,13.0,0.548,0.448,0.169,9.2,14.7,11.9,7.0,1.4,1.2,6.7,14.6,1.1,0.8,1.9,0.111,-0.8,-0.7,-1.5,0.1
317,Kenrich Williams,PF,OKC,53,10,22.8,3.4,6.5,0.517,0.9,2.5,0.373,2.4,4.0,0.608,0.59,0.3,0.7,0.436,1.8,3.1,4.9,2.0,0.8,0.3,0.6,2.1,8.0,1206,14.4,0.585,0.387,0.113,8.5,14.9,11.6,11.7,1.8,1.1,8.1,13.7,2.0,1.3,3.3,0.133,0.1,0.4,0.5,0.8
318,Caleb Houstan,SF,ORL,51,4,15.9,1.3,3.6,0.363,0.9,2.7,0.338,0.4,0.9,0.435,0.489,0.3,0.4,0.833,0.7,1.3,1.9,0.6,0.2,0.1,0.4,1.2,3.8,812,6.2,0.508,0.747,0.099,4.7,9.1,6.9,4.9,0.7,0.8,8.7,11.0,0.1,0.5,0.7,0.039,-3.1,-0.9,-4.0,-0.4
319,Shake Milton,SG,PHI,76,11,20.6,3.2,6.6,0.479,0.7,1.9,0.378,2.4,4.7,0.521,0.535,1.3,1.5,0.853,0.5,2.0,2.5,3.2,0.3,0.2,1.2,1.6,8.4,1567,12.7,0.575,0.294,0.231,3.0,11.3,7.2,22.3,0.8,0.8,14.5,18.5,1.6,1.2,2.9,0.087,-1.0,-0.9,-2.0,0.0
320,Aaron Holiday,PG,ATL,63,6,13.4,1.5,3.5,0.418,0.6,1.4,0.409,0.9,2.1,0.424,0.5,0.4,0.5,0.844,0.4,0.8,1.2,1.4,0.6,0.2,0.6,1.3,3.9,845,9.4,0.528,0.4,0.145,3.2,6.4,4.8,13.0,2.1,1.2,13.3,13.4,0.3,0.6,0.9,0.053,-2.9,0.9,-2.0,0.0
321,Yuta Watanabe,SF,BRK,58,1,16.0,2.0,4.0,0.491,1.0,2.3,0.444,0.9,1.7,0.557,0.621,0.6,0.8,0.723,0.5,1.9,2.4,0.8,0.4,0.3,0.4,1.4,5.6,928,12.1,0.637,0.582,0.203,3.7,13.1,8.5,7.0,1.3,1.6,8.0,13.1,1.3,0.9,2.1,0.111,-0.4,-0.2,-0.6,0.3
322,Edmond Sumner,SG,BRK,53,12,13.9,2.3,5.1,0.461,0.6,1.6,0.356,1.8,3.4,0.511,0.519,1.9,2.0,0.917,0.2,1.2,1.5,1.3,0.6,0.2,0.9,1.6,7.1,736,14.0,0.597,0.323,0.401,2.0,9.9,6.0,13.3,2.1,1.2,13.6,22.1,0.6,0.7,1.3,0.086,-2.4,-0.2,-2.6,-0.1
323,Theo Pinson,SG,DAL,40,1,8.1,0.8,2.2,0.356,0.6,1.6,0.355,0.2,0.6,0.36,0.483,0.3,0.3,0.846,0.3,1.3,1.6,1.2,0.2,0.0,0.3,0.9,2.4,323,10.1,0.512,0.713,0.149,3.6,19.3,11.4,19.6,0.9,0.3,11.5,14.7,0.2,0.2,0.5,0.071,-2.5,-0.9,-3.4,-0.1
324,Thomas Bryant,C,DEN/LAL,59,26,18.3,3.9,6.3,0.623,0.4,1.0,0.441,3.5,5.3,0.658,0.659,1.6,2.1,0.738,1.5,4.3,5.7,0.5,0.3,0.5,0.6,1.7,9.8,1081,19.7,0.682,0.16,0.341,8.9,24.6,17.0,4.3,0.7,2.4,8.2,18.2,2.7,1.4,4.1,0.183,1.1,-0.5,0.6,0.7
325,Josh Okogie,SG,PHO,72,26,18.8,2.3,5.8,0.391,0.9,2.7,0.335,1.3,3.0,0.442,0.471,1.9,2.7,0.724,1.5,2.0,3.5,1.5,0.8,0.5,0.9,1.6,7.3,1350,13.3,0.531,0.476,0.464,8.8,11.9,10.3,10.3,2.0,2.3,11.2,17.7,1.1,1.7,2.8,0.101,-0.8,0.5,-0.2,0.6
326,Drew Eubanks,C,POR,78,28,20.3,2.7,4.3,0.641,0.1,0.2,0.389,2.7,4.1,0.655,0.651,1.1,1.6,0.664,1.7,3.7,5.4,1.3,0.5,1.3,0.9,2.2,6.6,1584,16.2,0.666,0.054,0.374,9.5,20.9,15.2,9.2,1.2,5.7,14.7,12.5,2.9,1.6,4.4,0.134,-0.9,0.9,0.1,0.8
327,Dean Wade,PF,CLE,44,13,20.3,1.7,4.0,0.412,1.0,2.9,0.354,0.6,1.1,0.56,0.54,0.3,0.5,0.652,0.5,3.0,3.4,0.8,0.6,0.5,0.4,2.0,4.7,891,8.5,0.55,0.718,0.13,2.6,17.2,9.9,5.4,1.6,2.2,8.3,10.2,0.4,1.4,1.8,0.097,-2.9,2.1,-0.7,0.3
328,Terance Mann,SG,LAC,81,36,23.1,3.4,6.5,0.519,1.0,2.4,0.389,2.4,4.0,0.598,0.593,1.1,1.5,0.78,1.0,2.5,3.4,2.3,0.5,0.3,1.0,1.8,8.8,1872,13.4,0.619,0.378,0.225,4.7,11.8,8.3,14.0,1.1,1.0,12.2,15.3,2.8,1.5,4.3,0.111,-0.3,0.1,-0.2,0.8
329,Jaylen Nowell,SG,MIN,65,2,19.3,4.3,9.6,0.448,1.0,3.6,0.289,3.3,6.0,0.542,0.502,1.2,1.5,0.778,0.6,2.1,2.6,2.0,0.6,0.1,1.0,1.6,10.8,1252,13.7,0.527,0.371,0.158,3.3,11.7,7.6,15.9,1.6,0.3,8.9,25.0,0.0,1.2,1.2,0.046,-1.5,-1.0,-2.5,-0.2
330,Naz Reid,C,MIN,68,11,18.4,4.6,8.5,0.537,1.1,3.2,0.346,3.5,5.3,0.653,0.602,1.3,1.9,0.677,1.1,3.8,4.9,1.1,0.6,0.8,1.4,2.6,11.5,1251,18.5,0.617,0.376,0.22,6.6,22.8,14.9,9.6,1.6,3.7,12.7,24.8,1.1,1.9,3.0,0.114,0.3,0.8,1.0,1.0
331,Jalen McDaniels,SF,PHI/CHO,80,24,23.9,3.5,7.7,0.455,1.0,2.9,0.332,2.6,4.8,0.53,0.518,1.5,1.7,0.841,0.8,3.5,4.3,1.6,1.0,0.4,1.2,2.6,9.4,1913,11.8,0.557,0.376,0.224,3.6,16.3,9.9,9.6,2.1,1.6,12.1,17.2,0.5,2.2,2.7,0.068,-2.7,0.6,-2.1,-0.1
332,Daniel Gafford,C,WAS,78,47,20.6,3.7,5.1,0.732,0.0,0.0,0.0,3.7,5.1,0.732,0.732,1.6,2.4,0.679,2.1,3.5,5.6,1.1,0.4,1.3,1.1,2.4,9.0,1604,19.7,0.739,0.0,0.473,11.7,18.0,15.0,7.5,1.0,5.2,15.1,15.2,4.2,1.9,6.1,0.184,0.4,0.6,1.0,1.2
333,Chimezie Metu,PF,SAC,66,0,10.4,2.0,3.3,0.589,0.1,0.6,0.237,1.8,2.7,0.663,0.61,0.8,1.1,0.74,0.7,2.3,3.0,0.6,0.3,0.3,0.5,1.2,4.9,689,17.3,0.639,0.174,0.333,7.8,24.9,16.4,8.1,1.5,2.7,11.3,17.6,1.2,0.8,2.1,0.143,-0.3,0.2,-0.1,0.3
334,Davon Reed,SG,DEN/LAL,43,1,8.0,0.7,2.0,0.333,0.4,1.1,0.37,0.3,0.9,0.289,0.435,0.4,0.6,0.667,0.2,1.1,1.4,0.5,0.3,0.1,0.5,0.9,2.1,342,6.2,0.471,0.548,0.286,3.4,16.0,9.9,8.2,2.1,1.0,17.5,14.5,-0.4,0.4,0.1,0.008,-5.4,0.0,-5.3,-0.3
335,KZ Okpala,PF,SAC,35,3,7.1,0.5,1.1,0.421,0.2,0.6,0.333,0.3,0.5,0.529,0.513,0.2,0.2,0.875,0.2,0.8,1.0,0.4,0.2,0.2,0.2,1.1,1.3,248,6.2,0.554,0.553,0.211,3.2,12.4,7.8,6.3,1.4,2.5,14.4,8.4,0.1,0.2,0.3,0.057,-4.3,1.1,-3.2,-0.1
336,Wenyen Gabriel,C,LAL,68,2,15.1,2.3,3.8,0.596,0.1,0.5,0.278,2.1,3.3,0.647,0.615,0.8,1.2,0.619,1.7,2.5,4.2,0.5,0.4,0.5,0.7,2.1,5.5,1024,14.4,0.626,0.138,0.323,12.6,17.2,15.0,4.8,1.2,2.9,13.4,14.1,1.5,1.3,2.8,0.132,-2.3,0.1,-2.2,-0.1
337,Thanasis Antetokounmpo,PF,MIL,37,0,5.6,0.5,1.2,0.435,0.0,0.2,0.0,0.5,1.0,0.526,0.435,0.3,0.6,0.5,0.4,0.8,1.2,0.4,0.1,0.1,0.3,0.6,1.4,206,6.7,0.458,0.174,0.478,7.9,14.1,11.1,9.3,0.7,1.2,17.7,13.8,-0.1,0.2,0.1,0.022,-6.5,-1.1,-7.6,-0.3
338,Moritz Wagner,C,ORL,57,18,19.5,3.5,6.9,0.5,0.9,2.9,0.313,2.6,4.1,0.631,0.564,2.7,3.2,0.841,1.2,3.3,4.5,1.5,0.6,0.2,1.2,2.4,10.5,1109,17.4,0.63,0.412,0.46,7.0,19.4,13.2,11.5,1.6,1.1,12.5,21.1,2.1,1.3,3.4,0.149,0.4,0.2,0.6,0.7
339,Keita Bates-Diop,PF,SAS,67,42,21.7,3.5,6.9,0.508,0.8,2.1,0.394,2.7,4.8,0.557,0.568,1.8,2.2,0.793,1.0,2.7,3.7,1.5,0.7,0.3,0.8,0.9,9.7,1452,14.9,0.609,0.305,0.323,4.7,14.3,9.3,9.8,1.5,1.1,9.5,16.7,2.1,0.6,2.7,0.089,0.3,-0.9,-0.6,0.5
340,Oshae Brissett,PF,IND,65,2,16.7,1.9,4.9,0.386,0.7,2.4,0.31,1.2,2.5,0.457,0.461,1.6,2.2,0.717,1.0,2.4,3.4,0.7,0.5,0.2,0.5,1.2,6.1,1083,10.6,0.52,0.486,0.455,6.4,16.0,11.2,5.4,1.4,1.0,8.2,16.1,0.4,0.7,1.1,0.05,-2.0,-1.2,-3.2,-0.3
341,Nathan Knight,C,MIN,38,0,7.7,1.2,2.1,0.568,0.2,0.6,0.364,1.0,1.6,0.644,0.617,1.0,1.5,0.684,0.6,0.9,1.5,0.3,0.3,0.2,0.6,1.1,3.7,291,14.5,0.655,0.272,0.704,8.6,12.8,10.8,6.1,1.6,1.8,16.5,18.7,0.4,0.3,0.7,0.116,-2.4,-0.8,-3.2,-0.1
343,Isaiah Joe,SG,OKC,73,10,19.1,3.1,7.0,0.441,2.2,5.4,0.409,0.9,1.6,0.553,0.599,1.1,1.4,0.82,0.4,2.0,2.4,1.2,0.7,0.1,0.5,1.4,9.5,1395,14.5,0.626,0.776,0.197,2.0,11.6,6.7,8.7,1.6,0.5,6.6,17.7,2.5,1.3,3.8,0.131,1.3,-0.4,0.9,1.0
345,Anthony Gill,PF,WAS,59,8,10.6,1.2,2.2,0.538,0.1,0.5,0.138,1.1,1.7,0.65,0.553,0.8,1.1,0.731,0.6,1.1,1.7,0.6,0.1,0.2,0.3,1.2,3.3,624,11.1,0.604,0.22,0.508,6.9,10.6,8.8,7.2,0.5,1.6,8.5,12.3,1.0,0.4,1.3,0.101,-2.4,-0.9,-3.3,-0.2
346,Javonte Green,SF,CHI,32,1,15.0,1.9,3.4,0.565,0.4,1.1,0.371,1.5,2.3,0.658,0.625,0.9,1.4,0.667,0.8,1.9,2.8,0.7,0.8,0.7,0.6,1.6,5.2,480,14.5,0.646,0.324,0.417,6.5,14.2,10.4,6.4,2.4,4.2,13.5,13.6,0.6,0.8,1.4,0.142,-1.1,2.5,1.4,0.4
347,Gabe Vincent,PG,MIA,68,34,25.9,3.4,8.3,0.402,1.7,5.1,0.334,1.6,3.2,0.512,0.505,1.0,1.1,0.872,0.4,1.7,2.1,2.5,0.9,0.1,1.4,2.3,9.4,1759,9.0,0.533,0.617,0.138,1.7,8.1,4.8,13.9,1.8,0.3,13.3,17.5,-0.3,1.7,1.4,0.038,-3.1,-0.3,-3.4,-0.6
348,Max Strus,SF,MIA,80,33,28.4,4.1,9.9,0.41,2.5,7.0,0.35,1.6,2.8,0.559,0.535,1.0,1.1,0.876,0.6,2.6,3.2,2.1,0.5,0.2,0.9,2.1,11.5,2272,10.8,0.557,0.713,0.113,2.4,11.2,6.7,11.2,0.9,0.5,7.8,17.6,1.5,1.9,3.4,0.071,-0.8,-0.9,-1.7,0.2
349,Nick Richards,C,CHO,65,9,18.7,3.0,4.8,0.629,0.0,0.0,1.0,3.0,4.8,0.628,0.631,2.1,2.8,0.749,2.3,4.1,6.4,0.6,0.2,1.1,0.9,2.4,8.2,1217,18.3,0.676,0.003,0.585,12.6,24.0,18.2,4.5,0.4,5.1,13.0,15.6,2.7,1.5,4.2,0.165,-1.0,-0.2,-1.3,0.2
350,Lamar Stevens,SF,CLE,62,25,18.1,2.1,4.6,0.448,0.5,1.5,0.316,1.6,3.1,0.513,0.5,0.6,0.9,0.702,0.8,2.6,3.3,0.5,0.4,0.3,0.4,1.3,5.3,1120,9.5,0.524,0.33,0.198,5.0,16.7,10.9,4.0,1.2,1.6,7.9,13.6,0.3,1.6,1.9,0.08,-3.0,0.2,-2.8,-0.2
351,Naji Marshall,SF,NOP,77,21,23.3,3.2,7.4,0.433,0.9,2.8,0.303,2.4,4.6,0.513,0.49,1.8,2.3,0.789,0.6,3.0,3.6,2.5,0.7,0.2,1.3,1.5,9.1,1792,11.4,0.539,0.382,0.306,3.0,14.6,8.8,14.4,1.5,0.7,13.0,17.8,0.5,2.0,2.5,0.068,-1.9,0.0,-1.9,0.1
352,Paul Reed,C,PHI,69,2,10.9,1.8,3.0,0.593,0.0,0.1,0.167,1.8,2.9,0.606,0.596,0.6,0.7,0.745,1.6,2.2,3.8,0.4,0.7,0.7,0.7,1.8,4.2,755,19.2,0.62,0.029,0.244,17.8,23.1,20.5,5.3,3.0,6.3,16.3,16.4,1.2,1.6,2.8,0.18,-1.6,1.5,-0.1,0.4
353,Tre Jones,PG,SAS,68,65,29.2,5.0,10.9,0.459,0.7,2.3,0.285,4.4,8.6,0.506,0.489,2.2,2.5,0.86,0.8,2.8,3.6,6.6,1.3,0.1,1.6,1.4,12.9,1984,16.0,0.534,0.213,0.231,3.0,10.8,6.7,31.5,2.1,0.4,11.8,19.3,2.6,0.8,3.4,0.082,-0.2,-0.8,-1.0,0.5
354,Haywood Highsmith,PF,MIA,54,11,17.9,1.7,4.0,0.431,0.7,2.0,0.339,1.0,2.0,0.523,0.516,0.2,0.5,0.464,1.1,2.4,3.5,0.8,0.7,0.3,0.8,1.5,4.4,969,8.5,0.517,0.505,0.13,6.7,16.4,11.4,6.2,1.9,1.8,16.5,12.5,-0.3,1.3,0.9,0.046,-3.7,0.7,-3.1,-0.3
357,Terry Taylor,PF,CHI/IND,31,2,8.5,1.3,2.4,0.52,0.2,0.6,0.263,1.1,1.8,0.607,0.553,0.2,0.4,0.545,0.9,0.6,1.5,0.3,0.1,0.2,0.3,0.8,2.9,264,11.0,0.557,0.253,0.147,11.4,8.4,9.9,5.1,0.5,2.0,10.1,14.2,0.2,0.1,0.3,0.054,-2.3,-1.8,-4.1,-0.1
359,Jericho Sims,C,NYK,52,16,15.6,1.6,2.1,0.776,0.0,0.0,0.0,1.6,2.0,0.783,0.776,0.2,0.3,0.75,1.9,2.8,4.7,0.5,0.3,0.5,0.5,1.8,3.4,812,13.8,0.78,0.009,0.15,13.3,19.4,16.4,4.0,0.9,3.2,19.1,7.4,1.6,0.9,2.6,0.153,-1.0,0.5,-0.5,0.3
360,Sam Hauser,SF,BOS,80,8,16.1,2.3,5.0,0.455,1.8,4.2,0.418,0.5,0.8,0.656,0.631,0.2,0.2,0.706,0.4,2.1,2.6,0.9,0.4,0.3,0.4,1.2,6.4,1290,12.7,0.634,0.846,0.043,3.0,14.1,8.6,7.6,1.1,1.4,6.9,14.7,1.8,1.6,3.4,0.128,0.6,0.4,1.0,1.0
361,Kessler Edwards,SF,BRK/SAC,36,4,10.7,1.0,2.6,0.387,0.5,1.5,0.309,0.5,1.1,0.5,0.478,0.3,0.4,0.733,0.6,1.1,1.7,0.6,0.4,0.2,0.4,1.1,2.8,385,8.4,0.502,0.591,0.161,6.9,11.1,9.0,7.5,1.7,1.4,11.5,12.7,0.1,0.3,0.4,0.048,-3.2,-0.7,-3.9,-0.2
363,Vit Krejci,PG,ATL,29,0,5.7,0.5,1.3,0.405,0.2,0.7,0.238,0.3,0.6,0.625,0.473,0.0,0.1,0.5,0.2,0.7,0.9,0.6,0.2,0.0,0.2,0.6,1.2,165,7.7,0.475,0.568,0.054,3.9,13.4,8.6,12.4,1.4,0.5,11.7,10.9,0.0,0.1,0.1,0.042,-4.2,0.6,-3.6,-0.1
364,JT Thor,PF,CHO,69,8,14.0,1.4,3.4,0.399,0.6,1.8,0.317,0.8,1.7,0.487,0.481,0.5,0.7,0.702,0.5,1.7,2.2,0.5,0.3,0.3,0.6,1.0,3.8,969,7.0,0.506,0.517,0.197,3.9,13.0,8.4,4.9,1.1,2.1,14.5,13.1,-0.6,0.8,0.2,0.009,-4.3,-0.4,-4.7,-0.7
366,Ayo Dosunmu,SG,CHI,80,51,26.2,3.5,7.1,0.493,0.7,2.4,0.312,2.8,4.8,0.583,0.545,0.8,1.0,0.805,0.6,2.2,2.8,2.6,0.8,0.3,1.2,2.3,8.6,2098,10.2,0.567,0.332,0.144,2.5,9.3,5.9,13.2,1.4,1.2,14.0,14.9,0.7,2.2,2.9,0.067,-3.0,0.6,-2.5,-0.2
367,Isaiah Livers,PF,DET,52,22,23.1,2.3,5.5,0.417,1.4,3.9,0.365,0.9,1.6,0.541,0.545,0.6,0.8,0.821,0.5,2.2,2.8,0.8,0.5,0.5,0.6,2.0,6.7,1199,8.4,0.567,0.705,0.135,2.5,11.0,6.6,4.8,1.1,2.1,9.0,11.9,0.5,0.5,1.0,0.041,-2.1,-0.3,-2.4,-0.1
368,Daishen Nix,PG,HOU,57,7,16.0,1.4,4.2,0.342,0.7,2.5,0.286,0.7,1.7,0.423,0.426,0.4,0.6,0.667,0.3,1.4,1.7,2.3,0.5,0.1,1.5,1.0,4.0,914,5.3,0.447,0.591,0.152,2.1,9.7,5.9,19.2,1.6,0.7,25.4,15.4,-1.5,0.3,-1.2,-0.062,-5.0,-1.5,-6.5,-1.0
370,Austin Reaves,SG,LAL,64,22,28.8,4.0,7.7,0.529,1.3,3.4,0.398,2.7,4.3,0.631,0.616,3.6,4.1,0.864,0.5,2.5,3.0,3.4,0.5,0.3,1.5,1.7,13.0,1843,14.9,0.687,0.441,0.541,2.0,9.0,5.6,15.7,0.8,0.9,14.0,16.2,4.1,1.4,5.4,0.142,0.6,0.1,0.7,1.2
371,Jose Alvarado,PG,NOP,61,10,21.5,3.3,8.0,0.411,1.4,4.0,0.336,1.9,4.0,0.488,0.496,1.1,1.3,0.813,0.5,1.9,2.3,3.0,1.1,0.2,1.3,2.0,9.0,1310,11.8,0.525,0.505,0.164,2.4,9.8,6.1,19.9,2.5,0.7,13.4,19.8,0.1,1.7,1.8,0.066,-2.0,0.7,-1.2,0.3
372,Miles McBride,PG,NYK,64,2,11.9,1.2,3.4,0.358,0.6,2.1,0.299,0.6,1.3,0.457,0.451,0.4,0.7,0.667,0.2,0.6,0.8,1.1,0.6,0.1,0.4,0.9,3.5,760,8.4,0.475,0.623,0.195,1.9,5.4,3.6,12.4,2.4,1.0,9.7,14.6,0.0,0.7,0.7,0.047,-3.6,1.4,-2.3,-0.1
373,Aaron Wiggins,SG,OKC,70,14,18.5,2.7,5.2,0.512,0.7,1.7,0.393,2.0,3.4,0.573,0.579,0.8,1.0,0.831,1.0,2.0,3.0,1.1,0.6,0.2,0.8,1.6,6.8,1297,12.2,0.607,0.336,0.196,5.5,12.0,8.7,8.3,1.4,1.1,12.2,14.5,1.4,1.2,2.6,0.097,-1.5,-0.5,-2.1,0.0
374,Jock Landale,C,PHO,69,4,14.2,2.6,4.9,0.528,0.3,1.2,0.25,2.3,3.7,0.621,0.559,1.1,1.5,0.752,1.7,2.3,4.1,1.0,0.2,0.4,0.9,1.8,6.6,979,16.4,0.595,0.249,0.312,13.2,18.6,15.8,10.1,0.8,2.7,13.3,19.3,1.5,1.2,2.7,0.132,-0.7,-0.4,-1.1,0.2
375,Trendon Watford,PF,POR,62,12,19.1,2.9,5.2,0.56,0.4,1.0,0.391,2.5,4.2,0.602,0.599,1.2,1.6,0.72,0.7,3.2,3.8,2.1,0.5,0.2,1.1,1.9,7.4,1182,13.6,0.625,0.198,0.31,4.1,19.2,11.6,16.0,1.3,0.9,16.2,16.1,1.3,0.7,2.1,0.084,-1.4,-0.4,-1.8,0.1
376,Dalano Banton,PG,TOR,31,2,9.0,1.8,4.2,0.423,0.5,1.6,0.294,1.3,2.5,0.506,0.481,0.5,0.8,0.708,0.4,1.1,1.5,1.2,0.4,0.4,0.6,1.1,4.6,279,14.9,0.505,0.392,0.185,4.2,14.9,9.1,19.3,2.3,4.5,11.4,24.2,0.0,0.4,0.4,0.064,-1.1,0.6,-0.5,0.1
377,Christian Koloko,C,TOR,58,19,13.8,1.2,2.6,0.48,0.0,0.2,0.083,1.2,2.4,0.514,0.483,0.6,1.0,0.627,1.4,1.5,2.9,0.5,0.4,1.0,0.3,2.2,3.1,802,11.4,0.517,0.08,0.393,11.1,13.3,12.1,5.0,1.3,6.9,10.2,10.4,0.7,1.0,1.7,0.104,-4.3,0.8,-3.5,-0.3
378,Bryce McGowens,SG,CHO,46,7,17.1,1.7,4.4,0.396,0.6,1.7,0.325,1.2,2.7,0.443,0.46,1.3,1.7,0.75,0.4,1.6,2.0,1.2,0.3,0.1,0.9,1.0,5.3,787,7.2,0.519,0.396,0.396,2.7,10.1,6.3,9.1,0.9,0.7,15.3,15.0,-0.4,0.4,0.1,0.005,-4.6,-1.4,-6.0,-0.8
379,Jordan Goodwin,PG,WAS,62,7,17.8,2.5,5.7,0.448,0.6,1.9,0.322,1.9,3.8,0.511,0.501,0.9,1.1,0.768,0.9,2.4,3.3,2.7,0.9,0.4,0.9,1.5,6.6,1106,14.8,0.531,0.334,0.195,6.0,14.3,10.3,20.8,2.6,2.0,12.9,17.3,0.9,1.3,2.2,0.097,-0.7,1.4,0.7,0.8
380,Kennedy Chandler,PG,MEM,36,0,7.8,1.0,2.3,0.422,0.1,0.4,0.133,0.9,1.9,0.485,0.434,0.2,0.4,0.462,0.3,0.8,1.1,1.6,0.3,0.1,0.5,0.4,2.2,281,10.6,0.44,0.181,0.157,3.4,10.9,7.2,26.4,2.0,1.6,16.9,15.8,-0.1,0.4,0.3,0.044,-3.3,0.6,-2.7,0.0
382,Sandro Mamukelashvili,C,SAS/MIL,43,7,15.3,2.3,5.3,0.422,0.7,2.3,0.303,1.6,3.0,0.511,0.487,0.9,1.3,0.684,1.6,2.7,4.3,1.4,0.3,0.3,0.8,1.2,6.1,660,13.4,0.516,0.43,0.248,11.2,19.0,15.1,12.8,1.0,1.5,12.1,18.2,0.4,0.5,0.9,0.063,-1.1,-1.3,-2.4,-0.1
385,Jaden Hardy,SG,DAL,48,5,14.8,3.0,6.9,0.438,1.3,3.3,0.404,1.7,3.7,0.469,0.533,1.4,1.6,0.823,0.2,1.6,1.9,1.4,0.4,0.1,1.0,1.3,8.8,708,14.6,0.571,0.468,0.237,1.8,13.0,7.3,14.9,1.2,0.9,11.1,26.4,0.2,0.5,0.7,0.048,-0.4,-1.9,-2.3,0.0
387,Max Christie,SG,LAL,41,3,12.5,1.1,2.6,0.415,0.6,1.5,0.419,0.4,1.1,0.409,0.538,0.3,0.4,0.875,0.2,1.7,1.8,0.5,0.2,0.2,0.3,0.8,3.1,512,7.4,0.566,0.585,0.151,1.5,13.8,7.8,5.1,0.8,1.2,10.3,10.4,0.1,0.5,0.6,0.058,-3.2,0.0,-3.1,-0.1
389,Jabari Walker,SF,POR,56,0,11.1,1.5,3.5,0.419,0.3,1.0,0.286,1.2,2.5,0.472,0.46,0.6,0.8,0.756,0.9,1.5,2.3,0.6,0.2,0.2,0.5,1.2,3.9,619,9.6,0.496,0.283,0.227,8.8,15.5,12.2,7.8,0.8,1.9,11.8,17.3,-0.1,0.3,0.2,0.015,-3.9,-2.1,-6.1,-0.6
390,Eugene Omoruyi,SF,DET/OKC,40,6,16.1,2.5,5.7,0.443,0.6,2.2,0.281,1.9,3.5,0.547,0.498,1.3,1.9,0.68,1.1,1.7,2.8,0.7,0.7,0.1,0.9,2.3,7.0,645,10.9,0.533,0.39,0.329,7.1,11.8,9.4,6.3,2.1,0.4,11.5,19.3,0.1,0.5,0.6,0.042,-3.5,-0.9,-4.4,-0.4
392,Admiral Schofield,PF,ORL,37,0,12.2,1.5,3.3,0.451,0.6,2.0,0.324,0.8,1.3,0.646,0.549,0.6,0.6,0.913,0.6,1.1,1.7,0.8,0.2,0.1,0.4,1.6,4.2,451,10.1,0.587,0.607,0.189,5.8,9.8,7.8,9.6,0.9,1.1,10.8,14.1,0.5,0.3,0.8,0.089,-2.2,-0.7,-2.9,-0.1
395,Moses Brown,C,BRK/LAC,36,1,8.2,1.7,2.7,0.635,0.0,0.0,0.0,1.7,2.7,0.635,0.635,0.9,2.0,0.458,1.6,2.3,3.9,0.1,0.1,0.4,0.4,1.1,4.3,294,22.2,0.607,0.0,0.75,22.0,30.9,26.5,2.1,0.7,4.2,10.5,21.2,0.7,0.4,1.1,0.179,0.6,-1.2,-0.6,0.1
396,Matt Ryan,SF,LAL/MIN,34,0,9.1,1.2,3.2,0.37,0.9,2.5,0.381,0.2,0.7,0.333,0.519,0.3,0.4,0.833,0.1,0.6,0.8,0.5,0.1,0.0,0.2,0.8,3.6,310,8.1,0.538,0.778,0.111,1.4,7.6,4.6,6.9,0.8,0.3,5.8,16.5,0.1,0.2,0.3,0.044,-1.9,-1.5,-3.4,-0.1
400,Anthony Lamb,SF,GSW,62,4,19.3,2.4,5.1,0.471,1.2,3.2,0.367,1.2,1.9,0.652,0.588,0.7,1.0,0.767,0.9,2.6,3.5,1.5,0.5,0.3,0.9,2.2,6.7,1195,10.9,0.61,0.634,0.191,5.3,14.4,9.9,10.5,1.1,1.5,13.7,13.8,1.2,1.2,2.4,0.096,-1.6,0.4,-1.1,0.3
418,Luka Garza,C,MIN,28,0,8.7,2.3,4.1,0.543,0.5,1.4,0.359,1.8,2.8,0.636,0.603,1.5,1.9,0.788,1.2,1.1,2.3,0.6,0.1,0.1,0.5,1.5,6.5,243,23.0,0.652,0.336,0.448,15.5,13.5,14.5,11.8,0.6,0.7,9.2,26.9,0.9,0.2,1.1,0.211,2.2,-2.6,-0.4,0.1
419,Kevon Harris,SG,ORL,34,0,13.4,1.4,3.1,0.439,0.5,1.3,0.372,0.9,1.9,0.484,0.514,0.9,1.2,0.756,0.8,1.2,2.1,0.5,0.5,0.1,0.6,1.6,4.1,457,9.2,0.564,0.402,0.383,6.9,10.4,8.7,4.7,1.8,1.1,14.4,13.7,0.2,0.4,0.6,0.065,-3.5,-0.1,-3.6,-0.2
422,Dominick Barlow,PF,SAS,28,0,14.6,1.6,3.1,0.535,0.0,0.1,0.0,1.6,2.9,0.561,0.535,0.6,0.9,0.72,1.6,2.0,3.6,0.9,0.4,0.7,0.5,2.0,3.9,408,12.4,0.567,0.047,0.291,11.9,15.6,13.7,7.6,1.2,3.8,13.4,11.3,0.5,0.2,0.7,0.082,-3.7,-0.8,-4.6,-0.3
424,Jeff Dowtin,PG,TOR,25,0,10.4,1.0,2.3,0.439,0.2,0.6,0.313,0.8,1.6,0.488,0.482,0.2,0.4,0.667,0.2,0.7,0.9,1.2,0.4,0.1,0.2,0.5,2.4,259,9.9,0.5,0.281,0.158,2.4,8.0,5.0,15.5,1.7,1.1,7.6,10.9,0.2,0.2,0.4,0.076,-2.8,0.9,-1.9,0.0
430,Orlando Robinson,C,MIA,31,1,13.7,1.5,2.9,0.528,0.0,0.2,0.0,1.5,2.7,0.566,0.528,0.7,1.0,0.71,1.5,2.5,4.1,0.8,0.4,0.4,0.5,1.7,3.7,425,13.4,0.565,0.067,0.348,12.8,22.3,17.4,8.4,1.4,2.9,13.5,12.4,0.5,0.6,1.1,0.129,-2.7,0.7,-2.1,0.0
